city,state,zipcode,county,employer_name,case_number
STONY BROOK ,NEW YORK ,11794-6040 ,SUFFOLK ,STATE UNIVERSITY OF NEW YORK AT STONY BROOK ,I-200-16286-091924 
STONY BROOK ,NEW YORK ,11794 ,SUFFOLK ,STATE UNIVERSITY OF NEW YORK AT STONY BROOK ,I-200-16300-254287 
STONY BROOK ,NEW YORK ,11794-8322 ,SUFFOLK ,STATE UNIVERSITY OF NEW YORK AT STONY BROOK ,I-200-16285-480013 
STONY BROOK ,NEW YORK ,11794-8460 ,SUFFOLK ,STATE UNIVERSITY OF NEW YORK AT STONY BROOK ,I-200-16218-202956 
AUBURN HILLS ,MICHIGAN ,48326 ,OAKLAND ,"CONTINENTAL AUTOMOTIVE SYSTEMS HOLDING US, INC. ",I-200-16298-018907 
HOUSTON ,TEXAS ,77038 ,HARRIS ,HARMONY SCHOOL OF ADVANCEMENT ,I-200-16267-473044 
REDMOND ,WASHINGTON ,98052 ,KING ,"SLALOM, LLC ",I-200-16308-573069 
SEATTLE ,WASHINGTON ,98104 ,KING ,"SLALOM, LLC ",I-200-16308-095624 
PALO ALTO ,CALIFORNIA ,94301 ,SANTA CLARA ,"SLALOM, LLC ",I-200-16306-394274 
NEW YORK ,NEW YORK ,10010 ,NEW YORK ,"SLALOM, LLC ",I-200-16307-674928 
NORTHBROOK ,ILLINOIS ,60062 ,COOK ,"SLALOM, LLC ",I-200-16305-895432 
CHICAGO ,ILLINOIS ,60601 ,COOK ,"SLALOM, LLC ",I-200-16305-003542 
NEWARK ,NEW JERSEY ,07102 ,ESSEX ,"SLALOM, LLC ",I-200-16292-072703 
NEW BRUNSWICK ,NEW JERSEY ,08901 ,MIDDLESEX ,"SLALOM, LLC ",I-200-16292-240927 
NEW YORK ,NEW YORK ,10010 ,NEW YORK ,"SLALOM, LLC ",I-200-16292-465071 
PALO ALTO ,CALIFORNIA ,94301 ,SANTA CLARA ,"SLALOM, LLC ",I-200-16279-838535 
PALO ALTO ,CALIFORNIA ,94301 ,SANTA CLARA ,"SLALOM, LLC ",I-200-16279-970384 
NEW YORK ,NEW YORK ,10010 ,NEW YORK ,"SLALOM, LLC ",I-200-16270-357026 
REDMOND ,WASHINGTON ,98052 ,KING ,"SLALOM, LLC ",I-200-16256-970311 
SEATTLE ,WASHINGTON ,98104 ,KING ,"SLALOM, LLC ",I-200-16256-427809 
SAN DIEGO ,CALIFORNIA ,92121 ,SAN DIEGO ,"SLALOM, LLC ",I-200-16245-405907 
IRVINE ,CALIFORNIA ,92618 ,ORANGE ,"SLALOM, LLC ",I-200-16245-337237 
SEATTLE ,WASHINGTON ,98104 ,KING ,"SLALOM, LLC ",I-200-16239-637840 
RENTON ,WASHINGTON ,98057 ,KING ,"SLALOM, LLC ",I-200-16239-669886 
SEATTLE ,WASHINGTON ,98104 ,KING ,"SLALOM, LLC ",I-200-16239-514103 
ATLANTA ,GEORGIA ,30346 ,DEKALB ,"SLALOM, LLC ",I-200-16238-850004 
ATLANTA ,GEORGIA ,30326 ,FULTON ,"SLALOM, LLC ",I-200-16238-975399 
NEW YORK ,NEW YORK ,10036 ,NEW YORK ,"SLALOM, LLC ",I-200-16237-109335 
NEW YORK ,NEW YORK ,10010 ,NEW YORK ,"SLALOM, LLC ",I-200-16237-121368 
BOSTON ,MASSACHUSETTS ,02166 ,SUFFOLK ,"SLALOM, LLC ",I-200-16210-330574 
WESTWOOD ,MASSACHUSETTS ,02090 ,NORFOLK ,"SLALOM, LLC ",I-200-16210-906980 
BOSTON ,MASSACHUSETTS ,02166 ,SUFFOLK ,"SLALOM, LLC ",I-200-16210-520145 
WALTHAM ,MASSACHUSETTS ,02451 ,MIDDLESEX ,"SLALOM, LLC ",I-200-16210-822859 
SAN RAMON ,CALIFORNIA ,94583 ,CONTRA COSTA ,"SLALOM, LLC ",I-200-16179-988839 
SAN BRUNO ,CALIFORNIA ,94066 ,SAN MATEO ,"SLALOM, LLC ",I-200-16179-241577 
SAN FRANCISCO ,CALIFORNIA ,94105 ,SAN FRANCISCO ,"SLALOM, LLC ",I-200-16179-643067 
SAN FRANCISCO ,CALIFORNIA ,94105 ,SAN FRANCISCO ,"SLALOM, LLC ",I-200-16161-035594 
SAN FRANCISCO ,CALIFORNIA ,94105 ,SAN FRANCISCO ,"SLALOM, LLC ",I-200-16161-629095 
LAGRANGE ,ILLINOIS ,60525 ,COOK ,"ELECTRO-MOTIVE DIESEL,  INC. ",I-200-16137-893035 
LOMBARD ,ILLINOIS ,60148 ,DUPAGE ,UNITED SOFTWARE GROUP INC. ,I-200-16354-812215 
BUFFALO GROVE ,ILLINOIS ,60089 ,LAKE ,UNITED SOFTWARE GROUP INC. ,I-200-16327-343342 
BLOOMINGTON ,ILLINOIS ,61701 ,MCLEAN ,UNITED SOFTWARE GROUP INC. ,I-200-16321-207759 
SAN FRANCISCO ,CALIFORNIA ,94105 ,SAN FRANCISCO ,UNITED SOFTWARE GROUP INC. ,I-200-16315-396218 
AUBURN HILLS ,MICHIGAN ,48326 ,OAKLAND ,UNITED SOFTWARE GROUP INC. ,I-200-16301-490196 
JOHNSTON ,IOWA ,50131 ,POLK ,UNITED SOFTWARE GROUP INC. ,I-200-16291-752389 
SUNRISE ,FLORIDA ,33323 ,BROWARD ,UNITED SOFTWARE GROUP INC. ,I-200-16286-136485 
ATLANTA ,GEORGIA ,30308 ,FULTON ,UNITED SOFTWARE GROUP INC. ,I-200-16274-119557 
SUMMIT ,NEW JERSEY ,07901 ,UNION ,UNITED SOFTWARE GROUP INC. ,I-200-16257-396791 
CALEDONIA ,MICHIGAN ,49316 ,KENT ,UNITED SOFTWARE GROUP INC. ,I-200-16250-772135 
GRAND RAPIDS ,MICHIGAN ,49544 ,KENT ,UNITED SOFTWARE GROUP INC. ,I-200-16239-432485 
PITTSBURG ,PENNSYLVANIA ,15222 ,ALLEGHENY ,UNITED SOFTWARE GROUP INC. ,I-200-16202-385636 
CLEVELAND ,OHIO ,44135 ,CUYAHOGA ,UNITED SOFTWARE GROUP INC. ,I-200-16202-956471 
AUBURN HILLS ,MICHIGAN ,48326 ,OAKLAND ,UNITED SOFTWARE GROUP INC. ,I-200-16189-616686 
PHOENIX ,ARIZONA ,85034 ,MARICOPA ,UNITED SOFTWARE GROUP INC. ,I-200-16166-035864 
WARREN ,MICHIGAN ,48903 ,MACOMB ,UNITED SOFTWARE GROUP INC. ,I-200-16162-994487 
CHARLOTTE ,NORTH CAROLINA ,28202 ,MECKLENBURG ,UNITED SOFTWARE GROUP INC. ,I-200-16134-298708 
STRONGSVILLE ,OHIO ,44136 ,CUYAHOGA ,UNITED SOFTWARE GROUP INC. ,I-200-16132-948278 
COLUMBUS ,GEORGIA ,31901 ,MUSCOGEE ,TSYS ,I-200-16336-765476 
ALPHARETTA ,GEORGIA ,30022 ,FULTON ,TSYS ,I-200-16305-805615 
ROCHESTER ,NEW YORK ,14623 ,MONROE ,"ANITSYS, INC ",I-200-16280-820867 
COLUMBUS ,GEORGIA ,31901 ,MUSCOGEE ,TSYS ,I-200-16200-492485 
COLUMBUS ,GEORGIA ,31901 ,MUSCOGEE ,TSYS ,I-200-16182-178928 
FORT SMITH ,ARKANSAS ,72919 ,SEBASTIAN ,"LIONBRIDGE TECHNOLOGIES, INC. ",I-200-16103-729590 
EL PASO ,TEXAS ,79924 ,EL PASO ,HARMONY SCHOOL OF INNOVATION-EL PASO ,I-200-16267-869187 
WASHINGTON ,DISTRICT OF COLUMBIA ,20036 ,DISTRICT OF COLUMBIA ,THOMAS B. FORDHAM FOUNDATION ,I-200-16294-080562 
MECLENBURG ,NORTH CAROLINA ,28262 ,CHARLOTTE ,"SOURCE MANTRA, INC. ",I-200-16364-884393 
SANTA CLARITA ,CALIFORNIA ,91355 ,LOS ANGELES ,"SOURCE MANTRA, INC. ",I-200-16309-161343 
TAMPA ,FLORIDA ,33610 ,HILLSBOROUGH ,"SOURCE MANTRA, INC. ",I-200-16309-516924 
RICHMOND ,VIRGINIA ,23869 ,HENRICO ,SOURCE MANTRA INC. ,I-200-16224-023148 
IOWA CITY ,IOWA ,52242 ,JOHNSON ,THE UNIVERSITY OF IOWA ,I-200-16355-340603 
IOWA CITY ,IOWA ,52242 ,JOHNSON ,THE UNIVERSITY OF IOWA ,I-200-16336-779009 
IOWA CITY ,IOWA ,52242 ,JOHNSON ,THE UNIVERSITY OF IOWA ,I-200-16323-132032 
IOWA CITY ,IOWA ,52242 ,JOHNSON ,THE UNIVERSITY OF IOWA ,I-200-16316-545345 
IOWA CITY ,IOWA ,52242 ,JOHNSON ,THE UNIVERSITY OF IOWA ,I-200-16307-531086 
IOWA CITY ,IOWA ,52242 ,JOHNSON ,THE UNIVERSITY OF IOWA ,I-200-16305-943169 
IOWA CITY ,IOWA ,52242 ,JOHNSON ,THE UNIVERSITY OF IOWA ,I-200-16305-755999 
IOWA CITY ,IOWA ,52242 ,JOHNSON ,THE UNIVERSITY OF IOWA ,I-200-16295-363507 
IOWA CITY ,IOWA ,52242 ,JOHNSON ,THE UNIVERSITY OF IOWA ,I-200-16294-059503 
CORALVILLE ,IOWA ,52441 ,JOHNSON ,THE UNIVERSITY OF IOWA ,I-200-16287-567458 
IOWA CITY ,IOWA ,52242 ,JOHNSON ,THE UNIVERSITY OF IOWA ,I-200-16287-505017 
ABILENE ,TEXAS ,79601 ,TAYLOR ,THE UNIVERSITY OF IOWA ,I-200-16280-253813 
IOWA CITY ,IOWA ,52242 ,JOHNSON ,THE UNIVERSITY OF IOWA ,I-200-16280-585244 
IOWA CITY ,IOWA ,52242 ,JOHNSON ,THE UNIVERSITY OF IOWA ,I-200-16272-055117 
IOWA CITY ,IOWA ,52242 ,JOHNSON ,THE UNIVERSITY OF IOWA ,I-200-16270-679816 
IOWA CITY ,IOWA ,52242 ,JOHNSON ,THE UNIVERSITY OF IOWA ,I-200-16239-594988 
IOWA CITY ,IOWA ,52242 ,JOHNSON ,THE UNIVERSITY OF IOWA ,I-200-16239-455080 
IOWA CITY ,IOWA ,52242 ,JOHNSON ,THE UNIVERSITY OF IOWA ,I-200-16237-043307 
IOWA CITY ,IOWA ,52242 ,JOHNSON ,THE UNIVERSITY OF IOWA ,I-200-16231-094558 
IOWA CITY ,IOWA ,52242 ,JOHNSON ,THE UNIVERSITY OF IOWA ,I-200-16217-540077 
IOWA CITY ,IOWA ,52242 ,JOHNSON ,THE UNIVERSITY OF IOWA ,I-200-16204-527323 
IOWA CITY ,IOWA ,52242 ,JOHNSON ,THE UNIVERSITY OF IOWA ,I-200-16202-010260 
IOWA CITY ,IOWA ,52242 ,JOHNSON ,THE UNIVERSITY OF IOWA ,I-200-16195-167830 
IOWA CITY ,IOWA ,52242 ,JOHNSON ,THE UNIVERSITY OF IOWA ,I-200-16195-862120 
IOWA CITY ,IOWA ,52242 ,JOHNSON ,THE UNIVERSITY OF IOWA ,I-200-16190-688182 
IOWA CITY ,IOWA ,52242 ,JOHNSON ,THE UNIVERSITY OF IOWA ,I-200-16183-028631 
IOWA CITY ,IOWA ,52242 ,JOHNSON ,THE UNIVERSITY OF IOWA ,I-200-16159-419705 
IOWA CITY ,IOWA ,52242 ,JOHNSON ,THE UNIVERSITY OF IOWA ,I-200-16145-501367 
IOWA CITY ,IOWA ,52242 ,JOHNSON ,THE UNIVERSITY OF IOWA ,I-200-16133-085145 
IOWA CITY ,IOWA ,52242 ,JOHNSON ,THE UNIVERSITY OF IOWA ,I-200-16127-743384 
IOWA CITY ,IOWA ,52242 ,JOHNSON ,THE UNIVERSITY OF IOWA ,I-200-16127-668632 
IOWA CITY ,IOWA ,52242 ,JOHNSON ,THE UNIVERSITY OF IOWA ,I-200-16084-928917 
ARLINGTON ,VIRGINIA ,22202 ,ARLINGTON ,CONSERVATION INTERNATIONAL ,I-200-16267-563961 
ALPHARETTA ,GEORGIA ,30005 ,FULTON ,"IDHASOFT, INC. ",I-200-16354-738064 
THE WOODLANDS ,TEXAS ,77380 ,MONTGOMERY ,"IDHASOFT, INC. ",I-200-16327-046927 
PHILADELPHIA ,PENNSYLVANIA ,19112 ,PHILADELPHIA ,"IDHASOFT, INC. ",I-200-16322-854817 
PORTLAND ,OREGON ,97209 ,MULTNOMAH ,"IDHASOFT, INC. ",I-200-16322-741144 
PORTLAND ,OREGON ,97209 ,MULTNOMAH ,"IDHASOFT, INC. ",I-200-16305-354983 
SIDNEY ,NEBRASKA ,69160 ,CHEYENNE ,"IDHASOFT, INC. ",I-200-16302-647193 
PEORIA ,ILLINOIS ,61629 ,PEORIA ,"IDHASOFT, INC. ",I-200-16278-526288 
NASHVILLE ,TENNESSEE ,37215 ,DAVIDSON ,"IDHASOFT, INC. ",I-200-16274-981378 
ATLANTA ,GEORGIA ,30328 ,FULTON ,"IDHASOFT, INC. ",I-200-16260-132211 
ATLANTA ,GEORGIA ,30303 ,FULTON ,"IDHASOFT, INC. ",I-200-16223-957863 
AUSTIN ,TEXAS ,78754 ,TRAVIS ,"IDHASOFT, INC. ",I-200-16221-126161 
ATLANTA ,GEORGIA ,30308 ,FULTON ,"IDHASOFT, INC. ",I-200-16218-729992 
DUBLIN ,CALIFORNIA ,94568 ,ALAMEDA ,"IDHASOFT, INC ",I-200-16195-429596 
CHARLOTTE ,NORTH CAROLINA ,28262 ,MECKLENBURG ,"IDHASOFT, INC. ",I-200-16187-193976 
FORT WORTH ,TEXAS ,76155 ,TARRANT ,"IDHASOFT, INC. ",I-200-16179-331481 
ATLANTA ,GEORGIA ,30328 ,FULTON ,"IDHASOFT, INC. ",I-200-16183-348860 
HOUSTON ,TEXAS ,77092 ,HARRIS ,"IDHASOFT, INC. ",I-200-16047-699718 
URBANDALE ,IOWA ,50323 ,POLK ,"IDHASOFT, INC. ",I-200-16160-159772 
SAN ANTONIO ,TEXAS ,78288 ,BEXAR ,"IDHASOFT, INC. ",I-200-16125-684714 
RESEARCH TRIANGLE PARK ,NORTH CAROLINA ,27709 ,DURHAM ,"IDHASOFT, INC. ",I-200-16118-474923 
RICHARDSON ,TEXAS ,75082 ,DALLAS ,"IDHASOFT, INC. ",I-200-16118-235316 
CEDAR RAPIDS ,IOWA ,52499 ,LINN ,TRANSAMERICA LIFE INSURANCE COMPANY ,I-200-16344-485720 
CEDAR RAPIDS ,IOWA ,52499 ,LINN ,TRANSAMERICA LIFE INSURANCE COMPANY ,I-200-16298-458975 
PLANO ,TEXAS ,75075 ,COLLIN ,TRANSAMERICA LIFE INSURANCE COMPANY ,I-200-16298-520460 
PLANO ,TEXAS ,75075 ,COLLIN ,TRANSAMERICA LIFE INSURANCE COMPANY ,I-200-16251-949197 
BALTIMORE ,MARYLAND ,21202 ,BALTIMORE ,TRANSAMERICA LIFE INSURANCE COMPANY ,I-200-16182-059741 
BALTIMORE ,MARYLAND ,21202 ,BALTIMORE ,TRANSAMERICA LIFE INSURANCE COMPANY ,I-200-16166-591377 
CEDAR RAPIDS ,IOWA ,52499 ,LINN ,TRANSAMERICA LIFE INSURANCE COMPANY ,I-200-16095-845531 
CEDAR RAPIDS ,IOWA ,52499 ,LINN ,TRANSAMERICA LIFE INSURANCE COMPANY ,I-200-16083-861238 
BELLEVUE ,WASHINGTON ,98006 ,KING ,"PROKARMA, INC. ",I-200-16354-697441 
BELLEVUE ,WASHINGTON ,98006 ,KING ,"PROKARMA, INC. ",I-200-16350-397615 
OMAHA ,NEBRASKA ,68154 ,DOUGLAS ,"PROKARMA, INC. ",I-200-15225-520394 
SCOTTSDALE ,ARIZONA ,85258 ,MARICOPA ,"PROKARMA, INC. ",I-200-15208-557079 
LOUISVILLE ,COLORADO ,80027 ,BOULDER ,"PROKARMA, INC. ",I-200-16336-495068 
LOUISVILLE ,COLORADO ,80027 ,BOULDER ,"PROKARMA, INC. ",I-200-16326-473614 
WALNUT CREEK ,CALIFORNIA ,94598 ,CONTRA COSTA ,"PROKARMA, INC. ",I-200-16314-498404 
RENTON ,WASHINGTON ,98055 ,KING ,"PROKARMA, INC. ",I-200-16314-581921 
PLEASANTON ,CALIFORNIA ,94588 ,ALAMEDA ,"PROKARMA, INC. ",I-200-16308-703390 
NORRISTOWN ,PENNSYLVANIA ,19403 ,MONTGOMERY ,"PROKARMA, INC. ",I-200-14315-685746 
BELLEVUE ,WASHINGTON ,98006 ,KING ,"PROKARMA, INC. ",I-200-15070-609153 
BELLEVUE ,WASHINGTON ,98006 ,KING ,"PROKARMA, INC. ",I-200-16299-560720 
OMAHA ,NEBRASKA ,68102 ,DOUGLAS ,"PROKARMA, INC. ",I-200-16299-088968 
LOUISVILLE ,COLORADO ,80027 ,BOULDER ,"PROKARMA, INC. ",I-200-16299-773994 
PHOENIX ,ARIZONA ,85027 ,MARICOPA ,"PROKARMA, INC. ",I-200-15028-817011 
LOUISVILLE ,COLORADO ,80027 ,BOULDER ,"PROKARMA, INC. ",I-200-16293-940642 
OMAHA ,NEBRASKA ,68137 ,DOUGLAS ,"PROKARMA, INC. ",I-200-16278-725939 
OMAHA ,NEBRASKA ,68137 ,DOUGLAS ,"PROKARMA, INC. ",I-200-15014-584003 
LAKE OSWEGO ,OREGON ,97035 ,MULTNOMAH ,"PROKARMA, INC. ",I-200-16277-550294 
PHOENIX ,ARIZONA ,85050 ,MARICOPA ,"PROKARMA, INC. ",I-200-16273-681989 
PHOENIX ,ARIZONA ,85027 ,MARICOPA ,"PROKARMA, INC. ",I-200-16265-679167 
PHOENIX ,ARIZONA ,85027 ,MARICOPA ,"PROKARMA, INC. ",I-200-16270-335083 
GREENWOOD VILLAGE ,COLORADO ,80111 ,ARAPAHOE ,"PROKARMA, INC. ",I-200-16264-992869 
FINDLAY ,OHIO ,45840 ,HANCOCK ,"PROKARMA, INC. ",I-200-14332-469546 
ATLANTA ,GEORGIA ,30346 ,DEKALB ,"PROKARMA, INC. ",I-200-16252-669908 
BOTHELL ,WASHINGTON ,98006 ,KING ,"PROKARMA, INC. ",I-200-16235-170313 
PLEASANTON ,CALIFORNIA ,94588 ,ALAMEDA ,"PROKARMA, INC. ",I-200-16196-710057 
LOUISVILLE ,COLORADO ,80027 ,BOULDER ,"PROKARMA, INC. ",I-200-16214-791586 
NEW YORK ,NEW YORK ,10285 ,NEW YORK ,"PROKARMA, INC. ",I-200-16207-434676 
OMAHA ,NEBRASKA ,68102 ,DOUGLAS ,"PROKARMA, INC. ",I-200-16201-585033 
OMAHA ,NEBRASKA ,68102 ,DOUGLAS ,"PROKARMA, INC. ",I-200-16193-470023 
OMAHA ,NEBRASKA ,68102 ,DOUGLAS ,"PROKARMA, INC. ",I-200-16189-176411 
PORTLAND ,OREGON ,97232 ,MULTNOMAH ,"PROKARMA, INC. ",I-200-16152-530991 
BOTHELL ,WASHINGTON ,98021 ,SNOHOMISH ,"PROKARMA, INC. ",I-200-16139-620362 
SANTA CLARA ,CALIFORNIA ,95054 ,SANTA CLARA ,OOYALA INC. ,I-200-16347-098420 
SANTA CLARA ,CALIFORNIA ,95054 ,SANTA CLARA ,OOYALA INC. ,I-200-16344-551274 
SANTA CLARA ,CALIFORNIA ,95054 ,SANTA CLARA ,OOYALA INC. ,I-200-16342-216316 
SANTA CLARA ,CALIFORNIA ,95054 ,SANTA CLARA ,OOYALA INC. ,I-200-16334-745417 
NEW YORK ,NEW YORK ,10003 ,NEW YORK ,OOYALA INC. ,I-200-16315-067095 
SANTA CLARA ,CALIFORNIA ,95054 ,SANTA CLARA ,OOYALA INC. ,I-200-16299-150317 
REDWOOD CITY ,CALIFORNIA ,94063 ,SAN MATEO ,"ROCKET FUEL, INC. ",I-200-16336-888472 
NEW YORK ,NEW YORK ,10007 ,NEW YORK ,"ROCKET FUEL, INC. ",I-200-16272-660222 
REDWOOD CITY ,CALIFORNIA ,94063 ,SAN MATEO ,"ROCKET FUEL, INC. ",I-200-16180-875439 
GOLETA ,CALIFORNIA ,93117 ,SANTA BARBARA ,"CURVATURE, LLC. ",I-200-16323-993176 
GOLETA ,CALIFORNIA ,93117 ,SANTA BARBARA ,"CURVATURE, LLC. ",I-200-16271-898910 
GOLETA ,CALIFORNIA ,93117 ,SANTA BARBARA ,"CURVATURE, LLC. ",I-200-16260-182351 
SANTA BARBARA ,CALIFORNIA ,93117 ,SANTA BARBARA ,CURVATURE LLC ,I-200-16256-512822 
HARRISBURG ,NORTH CAROLINA ,28075 ,CABARRUS ,SOGETI USA LLC ,I-200-16355-960615 
WESTCHESTER ,ILLINOIS ,60154 ,COOK ,SOGETI USA LLC ,I-200-16336-014892 
WESTCHESTER ,ILLINOIS ,60154 ,COOK ,SOGETI USA LLC ,I-200-16335-513657 
COLUMBUS ,OHIO ,43230 ,FRANKLIN ,SOGETI USA LLC ,I-200-16335-415332 
WESTERVILLE ,OHIO ,43082 ,DELAWARE ,SOGETI USA LLC ,I-200-16327-137424 
HOUSTON ,TEXAS ,77040 ,HARRIS ,SOGETI USA LLC ,I-200-16321-018254 
OAKBROOK TERRACE ,ILLINOIS ,60181 ,DUPAGE ,SOGETI USA LLC ,I-200-16307-033890 
DULUTH ,GEORGIA ,30096 ,GWINNETT ,SOGETI USA LLC ,I-200-16294-528545 
BRIDGEWATER ,NEW JERSEY ,08807 ,SOMERSET ,SOGETI USA LLC ,I-200-16293-836520 
BRIDGEWATER ,NEW JERSEY ,08807 ,SOMERSET ,SOGETI USA LLC ,I-200-16280-619446 
CINCINNATI ,OHIO ,45242 ,HAMILTON ,"SOGETI USA, LLC ",I-200-16224-248017 
WEST CHESTER ,OHIO ,45069 ,BUTLER ,SOGETI USA LLC ,I-200-16273-563519 
CINCINNATI ,OHIO ,45202 ,HAMILTON ,SOGETI USA LLC ,I-200-16272-498699 
BLUE ASH ,OHIO ,45242 ,HAMILTON ,"SOGETI USA, LLC ",I-200-16224-837594 
REDMOND ,WASHINGTON ,98052 ,KING ,"SOGETI USA, LLC ",I-200-16197-226954 
CINCINNATI ,OHIO ,45242 ,HAMILTON ,SOGETI USA LLC ,I-200-16161-762766 
CINCINNATI ,OHIO ,45242 ,HAMILTON ,SOGETI USA LLC ,I-200-16130-956737 
SCOTTSDALE ,ARIZONA ,85260 ,MARICOPA ,SOGETI USA LLC ,I-200-16113-173008 
OLYMPIA ,WASHINGTON ,98504 ,THURSTON ,VALUE SOFTWARE PRODUCTS INC ,I-200-16340-452584 
ESSEX ,VERMONT ,05452 ,CHITTENDEN ,VALUE SOFTWARE PRODUCTS INC ,I-200-16333-740255 
CAMBRIDGE ,MASSACHUSETTS ,02142 ,MIDDLESEX ,GENZYME CORPORATION ,I-200-16299-519691 
CAMBRIDGE ,MASSACHUSETTS ,02142 ,MIDDLESEX ,GENZYME CORPORATION ,I-200-16242-410058 
MESA ,ARIZONA ,85202 ,MARICOPA ,BANNER MEDICAL GROUP ,I-200-16292-525985 
PEORIA ,ARIZONA ,85381 ,MARICOPA ,BANNER MEDICAL GROUP ,I-200-16263-900689 
BRUSH ,COLORADO ,80723 ,MORGAN ,BANNER MEDICAL GROUP COLORADO ,I-200-16258-439174 
SCOTTSDALE ,ARIZONA ,85251 ,MARICOPA ,BANNER MEDICAL GROUP ,I-200-16222-143240 
FERNLEY ,NEVADA ,89408 ,LYON ,BANNER MEDICAL GROUP ,I-200-16222-014351 
GREELEY ,COLORADO ,80631 ,WELD ,BANNER MEDICAL GROUP COLORADO ,I-200-16202-500541 
GREELEY ,COLORADO ,80631 ,WELD ,BANNER MEDICAL GROUP COLORADO ,I-200-16203-868119 
GLENDALE ,ARIZONA ,85306 ,MARICOPA ,BANNER MEDICAL GROUP ,I-200-16103-985097 
AUSTIN ,TEXAS ,78744 ,TRAVIS ,HARMONY SCHOOL OF EXCELLENCE-AUSTIN ,I-200-16279-251029 
FREDERICK ,MARYLAND ,21702 ,FREDERICK ,"LEIDOS BIOMEDICAL RESEARCH, INC. ",I-200-16253-378300 
FREDERICK ,MARYLAND ,21701 ,FREDERICK ,"LEIDOS BIOMEDICAL RESEARCH, INC. ",I-200-16238-863911 
ROCKVILLE ,MARYLAND ,20852 ,MONTGOMERY ,"LEIDOS BIOMEDICAL RESEARCH, INC. ",I-200-16228-794044 
GAITHERSBURG ,MARYLAND ,20877 ,MONTGOMERY ,"LEIDOS BIOMEDICAL RESEARCH, INC. ",I-200-16200-040592 
ROCKVILLE ,MARYLAND ,20850 ,MONTGOMERY ,"LEIDOS BIOMEDICAL RESEARCH, INC. ",I-200-16194-875577 
SANTA CLARA ,CALIFORNIA ,95054 ,SANTA CLARA ,"TARANA WIRELESS, INC. ",I-200-16274-650529 
FARMINGTON ,CONNECTICUT ,06032 ,CONNECTICUT ,UNIVERSITY OF CONNECTICUT HEALTH CENTER ,I-200-16309-171510 
FARMINGTON ,CONNECTICUT ,06032 ,CONNECTICUT ,UNIVERSITY OF CONNECTICUT HEALTH CENTER ,I-200-16278-941777 
MCLEAN ,VIRGINIA ,22102 ,FAIRFAX ,"MOTUS IT, INC. ",I-200-16320-727681 
CHICAGO ,ILLINOIS ,60606 ,COOK ,"MOTUS IT, INC. ",I-200-16228-091068 
BRIDGEWATER ,NEW JERSEY ,08807 ,SOMERSET ,"MOTUS IT, INC. ",I-200-16179-041766 
REDMOND ,TEXAS ,98052 ,KING ,"MOTUS IT, INC. ",I-200-16113-515134 
RICHLAND ,WASHINGTON ,99352 ,BENTON ,"SCHNEIDER ELECTRIC USA, INC. ",I-200-16343-629087 
ERLANGER ,KENTUCKY ,41018 ,KENTON ,"SCHNEIDER ELECTRIC USA, INC. ",I-200-16326-112304 
ERLANGER ,KENTUCKY ,41018 ,KENTON ,"SCHNEIDER ELECTRIC USA, INC. ",I-200-16316-819715 
ANDOVER ,ILLINOIS ,01810 ,ESSEX ,"SCHNEIDER ELECTRIC USA, INC. ",I-200-16316-780605 
ALAMEDA ,CALIFORNIA ,94501 ,ALAMEDA ,"SCHNEIDER ELECTRIC USA, INC. ",I-200-16305-128487 
LOUISVILLE ,KENTUCKY ,40223 ,JEFFERSON ,"SCHNEIDER ELECTRIC USA, INC. ",I-200-16291-914054 
SANTA CLARA ,CALIFORNIA ,95054 ,SANTA CLARA ,"SCHNEIDER ELECTRIC USA, INC. ",I-200-16291-483615 
SCHAUMBERG ,ILLINOIS ,60173 ,COOK ,"SCHNEIDER ELECTRIC USA, INC. ",I-200-16291-408007 
COSTA MESA ,CALIFORNIA ,92626 ,ORANGE ,"SCHNEIDER ELECTRIC USA, INC. ",I-200-16271-326288 
LAVERGNE ,TENNESSEE ,37086 ,RUTHERFORD ,"SCHNEIDER ELECTRIC USA, INC. ",I-200-16207-609177 
SMYRNA ,TENNESSEE ,37167 ,RUTHERFORD ,"SCHNEIDER ELECTRIC USA, INC. ",I-200-16173-072280 
KNIGHTDALE ,NORTH CAROLINA ,27545 ,WAKE ,"SCHNEIDER ELECTRIC USA, INC. ",I-200-16105-760227 
LEXINGTON ,KENTUCKY ,40536 ,FAYETTE ,UNIVERSITY OF KENTUCKY ,I-200-16348-834644 
LEXINGTON ,KENTUCKY ,40546 ,FAYETTE ,UNIVERSITY OF KENTUCKY ,I-200-16319-624353 
LEXINGTON ,KENTUCKY ,40536 ,FAYETTE ,UNIVERSITY OF KENTUCKY ,I-200-16316-694074 
LEXINGTON ,KENTUCKY ,40536 ,FAYETTE ,UNIVERSITY OF KENTUCKY ,I-200-16302-103868 
LEXINGTON ,KENTUCKY ,40536 ,FAYETTE ,UNIVERSITY OF KENTUCKY ,I-200-16287-088004 
LEXINGTON ,KENTUCKY ,40536 ,FAYETTE ,UNIVERSITY OF KENTUCKY ,I-200-16272-619182 
LEXINGTON ,KENTUCKY ,40511 ,FAYETTE ,UNIVERSITY OF KENTUCKY ,I-200-16278-974569 
LEXINGTON ,KENTUCKY ,40536 ,FAYETTE ,UNIVERSITY OF KENTUCKY ,I-200-16278-328606 
LEXINGTON ,KENTUCKY ,40502 ,FAYETTE ,UNIVERSITY OF KENTUCKY ,I-200-16272-611042 
LEXINGTON ,KENTUCKY ,40536 ,FAYETTE ,UNIVERSITY OF KENTUCKY ,I-200-16271-878971 
LEXINGTON ,KENTUCKY ,40546 ,FAYETTE ,UNIVERSITY OF KENTUCKY ,I-200-16266-795982 
LEXINGTON ,KENTUCKY ,40546 ,FAYETTE ,UNIVERSITY OF KENTUCKY ,I-200-16245-064607 
LEXINGTON ,KENTUCKY ,40546 ,FAYETTE ,UNIVERSITY OF KENTUCKY ,I-200-16251-477793 
LEXINGTON ,KENTUCKY ,40506 ,FAYETTE ,UNIVERSITY OF KENTUCKY ,I-200-16245-500005 
LEXINGTON ,KENTUCKY ,40506 ,FAYETTE ,UNIVERSITY OF KENTUCKY ,I-200-16244-067033 
LEXINGTON ,KENTUCKY ,40536 ,FAYETTE ,UNIVERSITY OF KENTUCKY ,I-200-16243-033535 
LEXINGTON ,KENTUCKY ,40511 ,FAYETTE ,UNIVERSITY OF KENTUCKY ,I-200-16215-311998 
LEXINGTON ,KENTUCKY ,40536 ,FAYETTE ,UNIVERSITY OF KENTUCKY ,I-200-16201-253514 
LEXINGTON ,KENTUCKY ,40536 ,FAYETTE ,UNIVERSITY OF KENTUCKY ,I-200-16201-431022 
LEXINGTON ,KENTUCKY ,40536 ,FAYETTE ,UNIVERSITY OF KENTUCKY ,I-200-16167-743889 
LEXINGTON ,KENTUCKY ,40508 ,FAYETTE ,UNIVERSITY OF KENTUCKY ,I-200-16125-285448 
GEORGETOWN ,KENTUCKY ,40324 ,SCOTT ,UNIVERSITY OF KENTUCKY ,I-200-16125-538950 
HOUSTON ,TEXAS ,77005 ,HARRIS ,W.M. RICE UNIVERSITY ,I-200-16350-893669 
HOUSTON ,TEXAS ,77005 ,HARRIS ,W.M. RICE UNIVERSITY ,I-200-16319-442942 
HOUSTON ,TEXAS ,77005 ,HARRIS ,W.M. RICE UNIVERSITY ,I-200-16258-483210 
HOUSTON ,TEXAS ,77005 ,HARRIS ,W.M. RICE UNIVERSITY ,I-200-16256-018190 
HOUSTON ,TEXAS ,77005 ,HARRIS ,W.M. RICE UNIVERSITY ,I-200-16172-523974 
HOUSTON ,TEXAS ,77005 ,HARRIS ,W.M. RICE UNIVERSITY ,I-200-16158-634992 
GAITHERSBURG ,MARYLAND ,20899 ,MONTGOMERY ,W.M. RICE UNIVERSITY ,I-200-16147-685816 
HOUSTON ,TEXAS ,77005 ,HARRIS ,W.M. RICE UNIVERSITY ,I-200-16125-987403 
HOUSTON ,TEXAS ,77005 ,HARRIS ,W.M. RICE UNIVERSITY ,I-200-16123-933728 
HOUSTON ,TEXAS ,77005 ,HARRIS ,W.M. RICE UNIVERSITY ,I-200-16123-143250 
HOUSTON ,TEXAS ,77005 ,HARRIS ,W.M. RICE UNIVERSITY ,I-200-16074-496883 
HIGHLANDS RANCH ,COLORADO ,80130 ,DOUGLAS ,"JUNIPER NETWORKS (US), INC. ",I-200-16333-790483 
HERNDON ,VIRGINIA ,20171 ,FAIRFAX COUNTY ,"JUNIPER NETWORKS (US), INC. ",I-200-16327-948572 
CENTENNIAL ,COLORADO ,80111 ,ARAPAHOE ,"JUNIPER NETWORKS (US), INC. ",I-200-16280-400291 
WESTON ,FLORIDA ,33326 ,BROWARD ,"JUNIPER NETWORKS (US), INC. ",I-200-16264-265889 
HERNDON ,VIRGINIA ,20171 ,FAIRFAX ,"JUNIPER NETWORKS (US), INC. ",I-200-16260-899242 
WESTFORD ,MASSACHUSETTS ,01886 ,MIDDLESEX ,"JUNIPER NETWORKS (US), INC. ",I-200-16180-371158 
SUNNYVALE ,CALIFORNIA ,94089 ,SANTA CLARA ,"JUNIPER NETWORKS (US), INC. ",I-200-16175-751480 
SUNNYVALE ,CALIFORNIA ,94089 ,SANTA CLARA ,"JUNIPER NETWORKS (US), INC. ",I-200-16160-996439 
SUNNYVALE ,CALIFORNIA ,94089 ,SANTA CLARA ,"JUNIPER NETWORKS (US), INC. ",I-200-16140-693393 
MIDDLETOWN ,NEW JERSEY ,07748 ,MONMOUTH ,"JUNIPER NETWORKS (US), INC. ",I-200-16098-219139 
PARLIN ,NEW JERSEY ,08859 ,MIDDLESEX ,ITCAPS LLC ,I-200-16322-557212 
PHOENIX ,ARIZONA ,85027 ,KING ,ITCAPS LLC ,I-200-16316-092452 
PARLIN ,NEW JERSEY ,08859 ,MIDDLESEX ,ITCAPS LLC ,I-200-16320-894634 
PHOENIX ,ARIZONA ,85027 ,MARICOPA ,ITCAPS LLC ,I-200-16316-680303 
PARLIN ,NEW JERSEY ,08859 ,MIDDLESEX ,ITCAPS LLC ,I-200-16313-770969 
PARLIN ,NEW JERSEY ,08859 ,MIDDLESEX ,ITCAPS LLC ,I-200-16294-644751 
DALLAS ,TEXAS ,75201 ,DALLAS ,ITCAPS LLC ,I-200-16263-166580 
PARLIN ,NEW JERSEY ,08859 ,MIDDLESEX ,ITCAPS LLC ,I-200-16238-904871 
WASHINGTON DC ,DISTRICT OF COLUMBIA ,20006 ,WASHINGTON ,ITCAPS LLC ,I-200-16232-146801 
SOUTH SAN FRANCISCO ,CALIFORNIA ,94080 ,SAN MATEO ,ITCAPS LLC ,I-200-16237-340690 
ALPHARETTA ,GEORGIA ,30004 ,FULTON ,ITCAPS LLC ,I-200-16180-606103 
RICHARDSON ,TEXAS ,75081 ,DALLAS ,ITCAPS LLC ,I-200-16182-288050 
ATLANTA ,GEORGIA ,30339 ,FULTON ,ITCAPS LLC ,I-200-16155-212573 
DALLAS ,TEXAS ,75236 ,DALLAS ,ITCAPS LLC ,I-200-16105-101570 
BATAVIA ,ILLINOIS ,60510 ,KANE ,COLORADO STATE UNIVERSITY ,I-200-16320-731335 
FORT COLLINS ,COLORADO ,80526 ,LARIMER ,COLORADO STATE UNIVERSITY ,I-200-16301-925253 
FORT COLLINS ,COLORADO ,80523 ,LARIMER ,COLORADO STATE UNIVERSITY ,I-200-16278-806105 
FORT COLLINS ,COLORADO ,80523-1201 ,LARIMER ,COLORADO STATE UNIVERSITY ,I-200-16272-268314 
FORT COLLINS ,COLORADO ,80523-1873 ,LARIMER ,COLORADO STATE UNIVERSITY ,I-200-16264-985685 
FORT COLLINS ,COLORADO ,80523-1874 ,LARIMER ,COLORADO STATE UNIVERSITY ,I-200-16231-754977 
FORT COLLINS ,COLORADO ,80523-1682 ,LARIMER ,COLORADO STATE UNIVERSITY ,I-200-16165-306416 
FORT COLLINS ,COLORADO ,80523-1372 ,LARIMER ,COLORADO STATE UNIVERSITY ,I-200-16112-560091 
EL PASO ,TEXAS ,79912 ,EL PASO ,CAREFUSION RESOURCES LLC ,I-200-16351-147256 
SAN DIEGO ,CALIFORNIA ,92121 ,SAN DIEGO ,CAREFUSION RESOURCES LLC ,I-200-16319-568403 
ATLANTA ,GEORGIA ,30338 ,DEKALB ,"CAREFUSION RESOURCES, LLC ",I-200-16118-565171 
AUSTIN ,TEXAS ,78753 ,TRAVIS ,"NCS PEARSON, INC. ",I-200-16344-703231 
FREMONT ,CALIFORNIA ,94539 ,ALAMEDA ,"NCS PEARSON, INC. ",I-200-16348-597579 
IOWA CITY ,IOWA ,52245 ,JOHNSON ,"NCS PEARSON, INC. ",I-200-16340-589923 
HOBOKEN ,NEW JERSEY ,07030 ,HUDSON ,"NCS PEARSON, INC. ",I-200-16340-967558 
BOSTON ,MASSACHUSETTS ,02116 ,SUFFOLK ,"NCS PEARSON, INC. ",I-200-16322-608063 
BLOOMINGTON ,MINNESOTA ,55437 ,HENNEPIN ,"NCS PEARSON, INC. ",I-200-16316-435071 
BOSTON ,MASSACHUSETTS ,02116 ,SUFFOLK ,"NCS PEARSON, INC. ",I-200-16305-120134 
MORRISVILLE ,NORTH CAROLINA ,27560 ,WAKE ,"NCS PEARSON, INC. ",I-200-16244-034930 
SAN FRANCISCO ,CALIFORNIA ,94111 ,SAN FRANCISCO ,"NCS PEARSON, INC. ",I-200-16277-102916 
CENTENNIAL ,COLORADO ,80122 ,ARAPAHOE ,"NCS PEARSON, INC. ",I-200-16267-052487 
MORRISVILLE ,NORTH CAROLINA ,27560 ,WAKE ,"NCS PEARSON, INC. ",I-200-16267-960507 
CENTENNIAL ,COLORADO ,80122 ,ARAPAHOE ,"NCS PEARSON, INC. ",I-200-16267-039445 
CHANDLER ,ARIZONA ,85226 ,MARICOPA ,"NCS PEARSON, INC. ",I-200-16267-632384 
CENTENNIAL ,COLORADO ,80122 ,ARAPAHOE ,"NCS PEARSON, INC. ",I-200-16264-223613 
BOSTON ,MASSACHUSETTS ,02116 ,SUFFOLK ,"NCS PEARSON, INC. ",I-200-16214-654657 
IOWA CITY ,IOWA ,52245 ,JOHNSON ,"NCS PEARSON, INC. ",I-200-16127-322531 
MENLO PARK ,CALIFORNIA ,94025 ,SAN MATEO ,"NCS PEARSON, INC. ",I-200-16127-242829 
WALTHAM ,MASSACHUSETTS ,02451 ,MIDDLESEX ,"MODEL N, INC. ",I-200-16320-707742 
PRINCETON ,NEW JERSEY ,08540 ,MERCER ,"MODEL N, INC. ",I-200-16315-572462 
WALTHAM ,MASSACHUSETTS ,02451 ,MIDDLESEX ,"MODEL N, INC. ",I-200-16321-975051 
UTICA ,NEW YORK ,13502 ,ONEIDA ,"MODEL N, INC. ",I-200-16285-446035 
REDWOOD CITY ,CALIFORNIA ,94063 ,SAN MATEO ,"MODEL N, INC. ",I-200-16300-618068 
CHICAGO ,ILLINOIS ,60604 ,COOK ,"MODEL N, INC. ",I-200-16287-378908 
PRINCETON ,NEW JERSEY ,08540 ,MERCER ,"MODEL N, INC. ",I-200-16259-054685 
DENVER ,COLORADO ,80202 ,DENVER ,"MODEL N, INC. ",I-200-16106-359474 
HOUSTON ,TEXAS ,77041 ,HARRIS ,TGS-NOPEC GEOPHYSICAL COMPANY ,I-200-16166-204125 
PHILADELPHIA ,PENNSYLVANIA ,19102 ,PHILADELPHIA ,CBRE INC. ,I-200-16341-030150 
SOUTHFIELD ,MICHIGAN ,48033 ,OAKLAND ,BLUE CROSS BLUE SHIELD OF MICHIGAN (BCBSM) ,I-200-16355-566911 
HOUSTON ,TEXAS ,77072 ,HARRIS ,CB&I INC. ,I-200-16336-953174 
HOUSTON ,TEXAS ,77042 ,HARRIS ,CB&I INC. ,I-200-16336-564431 
NEW YORK ,NEW YORK ,10010 ,NEW YORK ,"CBX, LLC ",I-200-16337-592151 
POMPANO BEACH ,FLORIDA ,33069 ,BROWARD ,"CB CONSTRUCTORS, INC. ",I-200-16337-149287 
BASKING RIDGE ,NEW JERSEY ,07920 ,SOMERSET ,CBRE INC. ,I-200-16334-175007 
WARSAW ,INDIANA ,46580 ,KOSCIUSKO ,"PCB APPS, LLC. ",I-200-16335-438749 
WARSAW ,NEW JERSEY ,46580 ,KOSCIUSKO ,"PCB APPS, LLC. ",I-200-16334-927493 
RICHMOND ,VIRGINIA ,23233 ,HENRICO ,"PCB APPS, LLC. ",I-200-16328-179100 
JACKSONVILLE ,FLORIDA ,32216 ,DUVAL ,"PCB APPS, LLC. ",I-200-16328-638095 
RICHMOND ,VIRGINIA ,23233 ,HENRICO ,"PCB APPS, LLC. ",I-200-16328-289785 
DETROIT ,MICHIGAN ,48226 ,WAYNE ,BLUE CROSS BLUE SHIELD OF MICHIGAN (BCBSM) ,I-200-16326-225370 
LOS ANGELES ,CALIFORNIA ,90010 ,LOS ANGELES ,"CBI IMMIGRATION LAW, PC ",I-200-16320-833378 
NEW HUDSON ,MICHIGAN ,48165 ,OAKLAND ,BLUE CROSS BLUE SHIELD OF MICHIGAN (BCBSM) ,I-200-16321-061283 
DETROIR ,MICHIGAN ,48226 ,WAYNE ,BLUE CROSS BLUE SHIELD OF MICHIGAN (BCBSM) ,I-200-16319-996353 
SAN FRANCISCO ,CALIFORNIA ,94105 ,SAN FRANCISCO ,"CBS INTERACTIVE, INC. ",I-200-16313-658944 
MILWAUKEE ,WISCONSIN ,53203 ,MILWAUKEE ,CBRE INC. ,I-200-16306-216730 
HOUSTON ,TEXAS ,77042 ,HARRIS ,CB&I INC. ,I-200-16308-510148 
TALLAHASSEE ,FLORIDA ,32301 ,LEON ,"PCB APPS, LLC. ",I-200-16315-018427 
TALLAHASSEE ,FLORIDA ,32301 ,LEON ,"PCB APPS, LLC. ",I-200-16315-835295 
SOMERSET ,NEW JERSEY ,08873 ,SOMERSET ,"PCB APPS, LLC. ",I-200-16313-010920 
IRVING ,TEXAS ,75039 ,DALLAS ,CBN TECH FORCE INC ,I-200-16306-378321 
CARLSBAD ,CALIFORNIA ,92008 ,SAN DIEGO ,CBRE INC. ,I-200-16302-755631 
IRVING ,TEXAS ,75062 ,DALLAS ,PCB APPS LLC ,I-200-16305-880868 
HIGH POINT ,NORTH CAROLINA ,27265 ,GUILFORD ,PCB APPS LLC ,I-200-16302-692930 
TOWSON ,MARYLAND ,21204 ,BALTIMORE ,CBN TECH FORCE INC ,I-200-16300-812276 
LOS ANGELES ,CALIFORNIA ,90028 ,LOS ANGELES ,25CB LLC ,I-200-16295-707166 
BOSTON ,MASSACHUSETTS ,02114 ,SUFFOLK ,CBT ARCHITECTS ,I-200-16294-272508 
LITHIA SPRINGS ,GEORGIA ,30122 ,DOUGLAS ,CBRE INC. ,I-200-16288-954663 
REDMOND ,WASHINGTON ,98052 ,KING ,CBRE INC. ,I-200-16285-572360 
THE WOODLANDS ,TEXAS ,77380 ,MONTGOMERY ,CB&I INC. ,I-200-16252-751395 
HOUSTON ,TEXAS ,77042 ,HARRIS ,CB&I INC. ,I-200-16252-782057 
WILLIS ,TEXAS ,77318 ,MONTGOMERY ,"CB&I ENVIRONMENTAL & INFRASTRUCTURE, INC. ",I-200-16267-701756 
ENGLEWOOD ,COLORADO ,80112 ,ARAPAHOE ,"PCB APPS, LLC. ",I-200-16281-261027 
HOUSTON ,TEXAS ,77024 ,HARRIS ,CBRE INC. ,I-200-16265-920157 
NORTHBROOK ,ILLINOIS ,60062 ,COOK ,"EUROMARKET DESIGNS, INC. (D/B/A CRATE & BARREL AND CB2) ",I-200-16265-143170 
SAN FRANCISCO ,CALIFORNIA ,94105 ,CA - CALIFORNIA ,"CBS INTERACTIVE, INC. ",I-200-16264-526688 
NEW YORK ,NEW YORK ,10019 ,NEW YORK ,CBS CORPORATE SERVICES INC. ,I-200-16263-638061 
ATLANTA ,GEORGIA ,30346 ,DEKALB ,"SEMANTICBITS, LLC ",I-200-16258-978519 
ST. LOUIS ,MISSOURI ,63108 ,ST. LOUIS ,"SEMANTICBITS, LLC ",I-200-16258-283215 
NEW YORK ,NEW YORK ,10019 ,NEW YORK ,CBS NEWS INC. ,I-200-16253-355550 
HIGH POINT ,NORTH CAROLINA ,27265 ,GUILFORD ,"PCB APPS, LLC. ",I-200-16245-318672 
SAN FRANCISCO ,CALIFORNIA ,94111 ,SAN FRANCISCO ,CBRE INC. ,I-200-16228-644511 
CHICAGO ,ILLINOIS ,60611 ,COOK ,"FCB WORLDWIDE, INC. ",I-200-16197-988907 
LEXINGTON ,MASSACHUSETTS ,02421 ,MIDDLESEX ,"CBSET, INC. ",I-200-16158-839823 
HOUSTON ,TEXAS ,77056 ,HARRIS ,CB&I INC. ,I-200-16154-190592 
DALLAS ,TEXAS ,75252 ,DALLAS ,GCB SERVICES LLC ,I-200-16127-542150 
MEMPHIS ,TENNESSEE ,38137 ,SHELBY ,"CBIZ ACCOUNTING, TAX & ADVISORY OF MEMPHIS, LLC ",I-200-16120-655499 
HOUSTON ,TEXAS ,77056 ,HARRIS ,CB&I INC. ,I-200-16085-847113 
HOUSTON ,TEXAS ,77042 ,HARRIS ,CB&I INC. ,I-200-16085-386069 
FORT WORTH ,TEXAS ,76155 ,TARRANT ,"CBI LABORATORIES, INC. ",I-200-16109-358037 
LUBBOCK ,TEXAS ,79410 ,LUBBOCK COUNTY ,COVENANT HEALTH SYSTEM ,I-200-16244-145793 
BOSTON ,MASSACHUSETTS ,02111 ,SUFFOLK ,"NANT HEALTH, LLC ",I-200-16158-261673 
DALLAS ,TEXAS ,75254 ,DALLAS ,"NANT HEALTH, LLC ",I-200-16117-326501 
BOSTON ,MASSACHUSETTS ,02210 ,SUFFOLK COUNTY ,GRAND CIRCLE LLC ,I-200-16265-915065 
BOSTON ,MASSACHUSETTS ,02210 ,SUFFOLK ,GRAND CIRCLE LLC ,I-200-16256-526147 
BIRMINGHAM ,ALABAMA ,35233 ,JEFFERSON ,OPENLOGIX CORPORATION ,I-200-16355-652510 
DETROIT ,MICHIGAN ,48226 ,WAYNE ,OPENLOGIX CORPORATION ,I-200-16350-505021 
NEW ALBANY ,OHIO ,43054 ,FRANKLIN ,OPENLOGIX CORPORATION ,I-200-16344-703544 
DETROIT ,MICHIGAN ,48226 ,WAYNE ,OPENLOGIX CORPORATION ,I-200-16315-094391 
MINNEAPOLIS ,MINNESOTA ,55415 ,HENNEPIN ,OPENLOGIX CORPORATION ,I-200-16305-871079 
NEW ALBANY ,OHIO ,43054 ,FRANKLIN ,OPENLOGIX CORPORATION ,I-200-16291-727314 
IRVING ,TEXAS ,75063 ,DALLAS ,OPENLOGIX CORPORATION ,I-200-16288-105110 
DOVER ,NEW HAMPSHIRE ,03820 ,STRAFFORD ,OPENLOGIX CORPORATION ,I-200-16281-365960 
NEW YORK ,NEW YORK ,10023 ,NEW YORK ,OPENLOGIX CORPORATION ,I-200-16202-987115 
NORTH BRUNSWICK TOWNSHIP ,NEW JERSEY ,08902 ,MIDDLESEX ,"NORCAPCO INTEGRATED SOLUTIONS, INC. ",I-200-16340-608487 
GARDEN CITY ,NEW YORK ,11530 ,NASSAU ,NORCATEC LLC ,I-200-16306-452325 
BETHESDA ,MARYLAND ,20814 ,MONTGOMERY ,NORC ,I-200-16245-039709 
CHICAGO ,ILLINOIS ,60603 ,COOK ,NORC ,I-200-16218-624517 
GOLDEN ,COLORADO ,80401 ,JEFFERSON ,COLORADO SCHOOL OF MINES ,I-200-16165-437148 
SAN FRANCISCO ,CALIFORNIA ,94107 ,SAN FRANCISCO ,"APPDYNAMICS, INC. ",I-200-16351-471235 
SAN FRANCISCO ,CALIFORNIA ,94107 ,SAN FRANCISCO ,"APPDYNAMICS, INC. ",I-200-16322-472667 
SAN FRANCISCO ,CALIFORNIA ,94107 ,SAN FRANCISCO ,"APPDYNAMICS, INC. ",I-200-16312-284001 
SAN FRANCISCO ,CALIFORNIA ,94107 ,SAN FRANCISCO ,"APPDYNAMICS, INC. ",I-200-16306-510155 
SAN FRANCISCO ,CALIFORNIA ,94107 ,SAN FRANCISCO ,"APPDYNAMICS, INC. ",I-200-16294-448241 
SAN FRANCISCO ,CALIFORNIA ,94107 ,SAN FRANCISCO ,"APPDYNAMICS, INC. ",I-200-16288-298546 
SAN FRANCISCO ,CALIFORNIA ,94107 ,SAN FRANCISCO ,"APPDYNAMICS, INC. ",I-200-16279-172048 
SAN FRANCISCO ,CALIFORNIA ,94107 ,SAN FRANCISCO ,"APPDYNAMICS, INC. ",I-200-16253-022257 
SAN FRANCISCO ,CALIFORNIA ,94107 ,SAN FRANCISCO ,"APPDYNAMICS, INC. ",I-200-16256-359151 
SAN FRANCISCO ,CALIFORNIA ,94107 ,SAN FRANCISCO ,"APPDYNAMICS, INC. ",I-200-16193-480012 
SAN FRANCISCO ,CALIFORNIA ,94107 ,SAN FRANCISCO ,"APPDYNAMICS, INC. ",I-200-16181-344680 
SAN FRANCISCO ,CALIFORNIA ,94107 ,SAN FRANCISCO ,"APPDYNAMICS, INC. ",I-200-16169-910208 
SAN FRANCISCO ,CALIFORNIA ,94107 ,SAN FRANCISCO ,"APPDYNAMICS, INC. ",I-200-16146-187041 
SAN FRANCISCO ,CALIFORNIA ,94107 ,SAN FRANCISCO ,"APPDYNAMICS, INC. ",I-200-16126-281525 
SAN FRANCISCO ,CALIFORNIA ,94107 ,SAN FRANCISCO ,"APPDYNAMICS, INC. ",I-200-16126-904220 
TAMPA ,FLORIDA ,33612 ,HILLSBOROUGH ,H. LEE MOFFITT CANCER CENTER & RESEARCH INSTITUTE ,I-200-16347-991450 
TAMPA ,FLORIDA ,33612 ,HILLSBOROUGH ,H. LEE MOFFITT CANCER CENTER & RESEARCH INSTITUTE ,I-200-16301-374908 
TAMPA ,FLORIDA ,33612 ,HILLSBOROUGH ,H. LEE MOFFITT CANCER CENTER & RESEARCH INSTITUTE ,I-200-16260-499715 
TAMPA ,FLORIDA ,33612 ,HILLSBOROUGH ,H. LEE MOFFITT CANCER CENTER & RESEARCH INSTITUTE ,I-200-16082-854861 
MAYWOOD ,ILLINOIS ,60153 ,COOK ,"LOYOLA UNIVERSITY CHICAGO, HEALTH SCIENCES DIV ",I-200-16293-757385 
MAYWOOD ,ILLINOIS ,60153 ,COOK ,"LOYOLA UNIVERSITY CHICAGO, HEALTH SCIENCES DIV ",I-200-16279-019453 
MAYWOOD ,ILLINOIS ,60153 ,COOK ,"LOYOLA UNIVERSITY CHICAGO, HEALTH SCIENCES DIV ",I-200-16153-531196 
BALA CYNWYD ,PENNSYLVANIA ,19004 ,MONTGOMERY ,"SUSQUEHANNA INTERNATIONAL GROUP, LLP ",I-200-16320-020248 
BALA CYNWYD ,PENNSYLVANIA ,19004 ,MONTGOMERY ,"SUSQUEHANNA INTERNATIONAL GROUP, LLP ",I-200-16316-608673 
NEW YORK ,NEW YORK ,10005 ,NEW YORK ,"SUSQUEHANNA INTERNATIONAL GROUP, LLP ",I-200-16312-099244 
NEW YORK ,NEW YORK ,10005 ,NEW YORK ,"SUSQUEHANNA INTERNATIONAL GROUP, LLP ",I-200-16292-028497 
BALA CYNWYD ,PENNSYLVANIA ,19004 ,MONTGOMERY ,"SUSQUEHANNA INTERNATIONAL GROUP, LLP ",I-200-16294-877399 
BALA CYNWYD ,PENNSYLVANIA ,19004 ,MONTGOMERY ,"SUSQUEHANNA INTERNATIONAL GROUP, LLP ",I-200-16210-767851 
BALA CYNWYD ,PENNSYLVANIA ,19004 ,MONTGOMERY ,"SUSQUEHANNA INTERNATIONAL GROUP, LLP ",I-200-16180-698245 
BALA CYNWYD ,PENNSYLVANIA ,19004 ,MONTGOMERY ,"SUSQUEHANNA INTERNATIONAL GROUP, LLP ",I-200-16165-613006 
DURHAM ,NORTH CAROLINA ,27708 ,DURHAM ,DUKE UNIVERSITY AND MEDICAL CENTER ,I-200-16336-929849 
DURHAM ,NORTH CAROLINA ,27710 ,DURHAM ,DUKE UNIVERSITY AND MEDICAL CENTER ,I-200-16322-936242 
DURHAM ,NORTH CAROLINA ,27710 ,DURHAM ,DUKE UNIVERSITY AND MEDICAL CENTER ,I-200-16322-944090 
DURHAM ,NORTH CAROLINA ,27708 ,DURHAM ,DUKE UNIVERSITY AND MEDICAL CENTER ,I-200-16316-947889 
DURHAM ,NORTH CAROLINA ,27710 ,DURHAM ,DUKE UNIVERSITY AND MEDICAL CENTER ,I-200-16316-735249 
DURHAM ,NORTH CAROLINA ,27708 ,DURHAM ,DUKE UNIVERSITY AND MEDICAL CENTER ,I-200-16314-659149 
DURHAM ,NORTH CAROLINA ,27710 ,DURHAM ,DUKE UNIVERSITY AND MEDICAL CENTER ,I-200-16313-796617 
DURHAM ,NORTH CAROLINA ,27708 ,DURHAM ,DUKE UNIVERSITY AND MEDICAL CENTER ,I-200-16313-482619 
DURHAM ,NORTH CAROLINA ,27708 ,DURHAM ,DUKE UNIVERSITY AND MEDICAL CENTER ,I-200-16312-584753 
DURHAM ,NORTH CAROLINA ,27710 ,DURHAM ,DUKE UNIVERSITY AND MEDICAL CENTER ,I-200-16312-162296 
DURHAM ,NORTH CAROLINA ,27708 ,DURHAM ,DUKE UNIVERSITY AND MEDICAL CENTER ,I-200-16309-325138 
DURHAM ,NORTH CAROLINA ,27710 ,DURHAM ,DUKE UNIVERSITY AND MEDICAL CENTER ,I-200-16309-285630 
DURHAM ,NORTH CAROLINA ,27710 ,DURHAM ,DUKE UNIVERSITY AND MEDICAL CENTER ,I-200-16309-468812 
DURHAM ,NORTH CAROLINA ,27708 ,DURHAM ,DUKE UNIVERSITY AND MEDICAL CENTER ,I-200-16301-655115 
DURHAM ,NORTH CAROLINA ,27708 ,DURHAM ,DUKE UNIVERSITY AND MEDICAL CENTER ,I-200-16299-178732 
DURHAM ,NORTH CAROLINA ,27708 ,DURHAM ,DUKE UNIVERSITY AND MEDICAL CENTER ,I-200-16299-430993 
DURHAM ,NORTH CAROLINA ,27708 ,DURHAM ,DUKE UNIVERSITY AND MEDICAL CENTER ,I-200-16299-315295 
DURHAM ,NORTH CAROLINA ,27710 ,DURHAM ,DUKE UNIVERSITY AND MEDICAL CENTER ,I-200-16295-206685 
DURHAM ,NORTH CAROLINA ,27708 ,DURHAM ,DUKE UNIVERSITY AND MEDICAL CENTER ,I-200-16295-364334 
DURHAM ,NORTH CAROLINA ,27708 ,DURHAM ,DUKE UNIVERSITY AND MEDICAL CENTER ,I-200-16281-546475 
DURHAM ,NORTH CAROLINA ,27710 ,DURHAM ,DUKE UNIVERSITY AND MEDICAL CENTER ,I-200-16281-054623 
DURHAM ,NORTH CAROLINA ,27708 ,DURHAM ,DUKE UNIVERSITY AND MEDICAL CENTER ,I-200-16280-777794 
DURHAM ,NORTH CAROLINA ,27710 ,DURHAM ,DUKE UNIVERSITY AND MEDICAL CENTER ,I-200-16273-917886 
DURHAM ,NORTH CAROLINA ,27710 ,DURHAM ,DUKE UNIVERSITY AND MEDICAL CENTER ,I-200-16274-019515 
DURHAM ,NORTH CAROLINA ,27708 ,DURHAM ,DUKE UNIVERSITY AND MEDICAL CENTER ,I-200-16266-368768 
DURHAM ,NORTH CAROLINA ,27708 ,DURHAM ,DUKE UNIVERSITY AND MEDICAL CENTER ,I-200-16259-506488 
DURHAM ,NORTH CAROLINA ,27710 ,DURHAM ,DUKE UNIVERSITY AND MEDICAL CENTER ,I-200-16257-757993 
DURHAM ,NORTH CAROLINA ,27705 ,DURHAM ,DUKE UNIVERSITY AND MEDICAL CENTER ,I-200-16256-356221 
DURHAM ,NORTH CAROLINA ,27708 ,DURHAM ,DUKE UNIVERSITY AND MEDICAL CENTER ,I-200-16246-266610 
DURHAM ,NORTH CAROLINA ,27710 ,DURHAM ,DUKE UNIVERSITY AND MEDICAL CENTER ,I-200-16245-060537 
DURHAM ,NORTH CAROLINA ,27710 ,DURHAM ,DUKE UNIVERSITY AND MEDICAL CENTER ,I-200-16243-116112 
DURHAM ,NORTH CAROLINA ,27710 ,DURHAM ,DUKE UNIVERSITY AND MEDICAL CENTER ,I-200-16236-288335 
DURHAM ,NORTH CAROLINA ,27708 ,DURHAM ,DUKE UNIVERSITY AND MEDICAL CENTER ,I-200-16232-172222 
DURHAM ,NORTH CAROLINA ,27708 ,DURHAM ,DUKE UNIVERSITY AND MEDICAL CENTER ,I-200-16225-986892 
DURHAM ,NORTH CAROLINA ,27710 ,DURHAM ,DUKE UNIVERSITY AND MEDICAL CENTER ,I-200-16218-604060 
DURHAM ,NORTH CAROLINA ,27708 ,DURHAM ,DUKE UNIVERSITY AND MEDICAL CENTER ,I-200-16218-487797 
DURHAM ,NORTH CAROLINA ,27705 ,DURHAM ,DUKE UNIVERSITY AND MEDICAL CENTER ,I-200-16214-239900 
DURHAM ,NORTH CAROLINA ,27710 ,DURHAM ,DUKE UNIVERSITY AND MEDICAL CENTER ,I-200-16208-316195 
DURHAM ,NORTH CAROLINA ,27705 ,DURHAM ,DUKE UNIVERSITY AND MEDICAL CENTER ,I-200-16189-999281 
DURHAM ,NORTH CAROLINA ,27710 ,DURHAM ,DUKE UNIVERSITY AND MEDICAL CENTER ,I-200-16162-109547 
DURHAM ,NORTH CAROLINA ,27710 ,DURHAM ,DUKE UNIVERSITY AND MEDICAL CENTER ,I-200-16153-907931 
DURHAM ,NORTH CAROLINA ,27710 ,DURHAM ,DUKE UNIVERSITY AND MEDICAL CENTER ,I-200-16134-723862 
DURHAM ,NORTH CAROLINA ,27710 ,DURHAM ,DUKE UNIVERSITY AND MEDICAL CENTER ,I-200-16132-514192 
SUNNYVALE ,CALIFORNIA ,94089 ,SANTA CLARA ,QUICKLOGIC CORPORATION ,I-200-16286-576285 
PHOENIX ,ARIZONA ,85027 ,MARICOPA ,SAFEWAY INC. ,I-200-16333-613102 
PLEASANTON ,CALIFORNIA ,94588 ,ALAMEDA ,SAFEWAY INC. ,I-200-16333-019417 
PHOENIX ,ARIZONA ,85027 ,MARICOPA ,SAFEWAY INC. ,I-200-16320-785325 
PLEASANTON ,CALIFORNIA ,94588 ,ALAMEDA ,SAFEWAY INC. ,I-200-16313-260539 
PHOENIX ,ARIZONA ,85027 ,MARICOPA ,SAFEWAY INC. ,I-200-16306-704411 
FAIRBANKS ,ALASKA ,99709 ,FAIRBANKS NORTH STAR ,SAFEWAY INC. ,I-200-16301-301261 
PHOENIX ,ARIZONA ,85027 ,MARICOPA ,SAFEWAY INC. ,I-200-16300-257599 
PHOENIX ,ARIZONA ,85027 ,MARICOPA ,SAFEWAY INC. ,I-200-16299-825043 
PHOENIX ,ARIZONA ,85027 ,MARICOPA ,SAFEWAY INC. ,I-200-16294-646423 
PHOENIX ,ARIZONA ,85027 ,MARICOPA ,SAFEWAY INC. ,I-200-16291-368061 
PHOENIX ,ARIZONA ,85027 ,MARICOPA ,SAFEWAY INC. ,I-200-16287-589126 
PHOENIX ,ARIZONA ,85027 ,MARICOPA ,SAFEWAY INC. ,I-200-16281-831777 
PHOENIX ,ARIZONA ,85027 ,MARICOPA ,SAFEWAY INC. ,I-200-16287-316077 
PHOENIX ,ARIZONA ,85027 ,MARICOPA ,SAFEWAY INC. ,I-200-16281-909546 
PHOENIX ,ARIZONA ,85027 ,MARICOPA ,SAFEWAY INC. ,I-200-16280-628771 
PHOENIX ,ARIZONA ,85027 ,MARICOPA ,SAFEWAY INC. ,I-200-16279-092012 
HOLLISTER ,CALIFORNIA ,95023 ,SAN BENITO ,SAFEWAY INC. ,I-200-16228-896277 
WALLA WALLA ,WASHINGTON ,99362 ,WALLA WALLA ,SAFEWAY INC. ,I-200-16182-921471 
PLEASANTON ,CALIFORNIA ,94588 ,ALAMEDA ,SAFEWAY INC. ,I-200-16173-081966 
WARREN ,NEW JERSEY ,07059 ,SOMERSET ,CITADEL INFORMATION SERVICES INC. ,I-200-16364-827355 
CHICAGO ,ILLINOIS ,60603 ,COOK ,CITADEL LLC ,I-200-16347-224640 
NEW YORK ,NEW YORK ,10022 ,NEW YORK ,CITADEL LLC ,I-200-16340-059642 
CHICAGO ,ILLINOIS ,60603 ,COOK ,CITADEL LLC ,I-200-16341-676124 
BOTHELL ,WASHINGTON ,98021 ,SNOHOMISH ,CITADEL INFORMATION SERVICES INC. ,I-200-16339-847113 
AUBURN HILLS ,MICHIGAN ,48326 ,OAKLAND ,CITADEL INFORMATION SERVICES INC. ,I-200-16339-919750 
CHICAGO ,ILLINOIS ,60603 ,COOK ,CITADEL LLC ,I-200-16336-405211 
CHICAGO ,ILLINOIS ,60603 ,COOK ,CITADEL LLC ,I-200-16333-104679 
CHICAGO ,ILLINOIS ,60603 ,COOK ,CITADEL LLC ,I-200-16322-685335 
CHICAGO ,ILLINOIS ,60603 ,COOK ,CITADEL LLC ,I-200-16321-749660 
CHICAGO ,ILLINOIS ,94105 ,COOK ,CITADEL LLC ,I-200-16321-761768 
NEW YORK ,NEW YORK ,10022 ,NEW YORK ,CITADEL LLC ,I-200-16321-130628 
CHICAGO ,ILLINOIS ,60603 ,COOK ,CITADEL LLC ,I-200-16316-481389 
NEW YORK ,NEW YORK ,10038 ,NEW YORK ,CITADEL INFORMATION SERVICES INC. ,I-200-16301-541067 
SCOTTSDALE ,ARIZONA ,85254 ,MARICOPA ,CITADEL INFORMATION SERVICES INC. ,I-200-16299-493515 
CHICAGO ,ILLINOIS ,60607 ,COOK ,CITADEL INFORMATION SERVICES INC. ,I-200-16292-471768 
NEW YORK ,NEW YORK ,10022 ,NEW YORK ,CITADEL LLC ,I-200-16279-222552 
CHICAGO ,ILLINOIS ,10022 ,COOK ,CITADEL LLC ,I-200-16281-047738 
NEW YORK ,NEW YORK ,10022 ,NEW YORK ,CITADEL LLC ,I-200-16277-467024 
NEW YORK ,NEW YORK ,10001 ,NEW YORK ,CITADEL INFORMATION SERVICES INC. ,I-200-16275-757054 
PRINCETON ,NEW JERSEY ,08540 ,MERCER ,CITADEL INFORMATION SERVICES INC. ,I-200-16267-403734 
CHICAGO ,ILLINOIS ,60603 ,COOK ,CITADEL LLC ,I-200-16266-549357 
CHICAGO ,ILLINOIS ,60603 ,COOK ,CITADEL LLC ,I-200-16265-694626 
CHICAGO ,ILLINOIS ,60603 ,COOK ,CITADEL LLC ,I-200-16260-740941 
CHICAGO ,ILLINOIS ,60603 ,COOK ,CITADEL LLC ,I-200-16242-526612 
HERNDON ,VIRGINIA ,20171 ,FAIRFAX ,CITADEL INFORMATION SERVICES INC. ,I-200-16237-923986 
CHICAGO ,ILLINOIS ,60603 ,COOK ,CITADEL LLC ,I-200-16229-008564 
CHICAGO ,ILLINOIS ,60603 ,COOK ,CITADEL LLC ,I-200-16202-827144 
NEW YORK ,NEW YORK ,10022 ,NEW YORK ,CITADEL LLC ,I-200-16181-044526 
ISELIN ,NEW JERSEY ,08830 ,MIDDLESEX ,CITADEL INFORMATION SERVICES INC. ,I-200-16167-841988 
NEW YORK ,NEW YORK ,10022 ,NEW YORK ,CITADEL LLC ,I-200-16137-528635 
CHICAGO ,ILLINOIS ,60603 ,COOK ,CITADEL LLC ,I-200-16110-418766 
CHICAGO ,ILLINOIS ,60603 ,COOK ,CITADEL LLC ,I-200-16109-785643 
CHICAGO ,ILLINOIS ,60603 ,COOK ,CITADEL LLC ,I-200-16105-575261 
CAMBRIDGE ,MASSACHUSETTS ,02142 ,MIDDLESEX (CAMBRIDGE) ,"ARIAD PHARMACEUTICALS, INC. ",I-200-16350-332273 
BARRE ,VERMONT ,05641 ,WASHINGTON ,"BLACKBAUD, INC. ",I-200-16341-446141 
SAN DIEGO ,CALIFORNIA ,92108 ,SAN DIEGO ,"MIDLAND CREDIT MANAGEMENT, INC. ",I-200-16173-605948 
HIGHLANDS RANCH ,COLORADO ,80129 ,DOUGLAS ,"INOVANT, LLC ",I-200-16350-584879 
FOSTER CITY ,CALIFORNIA ,94404 ,SAN MATEO ,"INOVANT, LLC ",I-200-16348-132550 
AUSTIN ,TEXAS ,78759 ,TRAVIS ,"INOVANT, LLC ",I-200-16344-214071 
AUSTIN ,TEXAS ,78759 ,TRAVIS ,"INOVANT, LLC ",I-200-16328-883262 
AUSTIN ,TEXAS ,78759 ,TRAVIS ,"INOVANT, LLC ",I-200-16321-017966 
HIGHLANDS RANCH ,COLORADO ,80129 ,DOUGLAS ,"INOVANT, LLC ",I-200-16313-931236 
HIGHLANDS RANCH ,COLORADO ,80129 ,DOUGLAS ,"INOVANT, LLC ",I-200-16307-618309 
HIGHLANDS RANCH ,COLORADO ,80129 ,DOUGLAS ,"INOVANT, LLC ",I-200-16302-493539 
FOSTER CITY ,CALIFORNIA ,94404 ,SAN MATEO ,"INOVANT, LLC ",I-200-16299-810502 
AUSTIN ,TEXAS ,78759 ,TRAVIS ,"INOVANT, LLC ",I-200-16292-769628 
FOSTER CITY ,CALIFORNIA ,94404 ,SAN MATEO ,"INOVANT, LLC ",I-200-16300-956133 
FOSTER CITY ,CALIFORNIA ,94404 ,SAN MATEO ,"INOVANT, LLC ",I-200-16295-436143 
AUSTIN ,TEXAS ,78759 ,TRAVIS ,"INOVANT, LLC ",I-200-16293-154095 
FOSTER CITY ,CALIFORNIA ,94404 ,SAN MATEO ,"INOVANT, LLC ",I-200-16294-495325 
HIGHLANDS RANCH ,COLORADO ,80129 ,DOUGLAS ,"INOVANT, LLC ",I-200-16292-978688 
FOSTER CITY ,CALIFORNIA ,94404 ,SAN MATEO ,"INOVANT, LLC ",I-200-16288-687798 
AUSTIN ,TEXAS ,78759 ,TRAVIS ,"INOVANT, LLC ",I-200-16287-349817 
ASHBURN ,VIRGINIA ,20147 ,LOUDOUN ,"INOVANT, LLC ",I-200-16287-262802 
AUSTIN ,TEXAS ,78759 ,TRAVIS ,"INOVANT, LLC ",I-200-16279-514337 
AUSTIN ,TEXAS ,78759 ,TRAVIS ,"INOVANT, LLC ",I-200-16270-308875 
AUSTIN ,TEXAS ,78759 ,TRAVIS ,"INOVANT, LLC ",I-200-16277-557535 
HIGHLANDS RANCH ,COLORADO ,80129 ,DOUGLAS ,"INOVANT, LLC ",I-200-16277-832869 
AUSTIN ,TEXAS ,78759 ,TRAVIS ,"INOVANT, LLC ",I-200-16271-165583 
FOSTER CITY ,CALIFORNIA ,94404 ,SAN MATEO ,"INOVANT, LLC ",I-200-16267-445778 
AUSTIN ,TEXAS ,78759 ,TRAVIS ,"INOVANT, LLC ",I-200-16265-449060 
SAN FRANCISCO ,CALIFORNIA ,94105 ,SAN FRANCISCO ,"INOVANT, LLC ",I-200-16264-946608 
AUSTIN ,TEXAS ,78759 ,TRAVIS ,"INOVANT, LLC ",I-200-16257-242780 
AUSTIN ,TEXAS ,78759 ,TRAVIS ,"INOVANT, LLC ",I-200-16257-084018 
HIGHLANDS RANCH ,COLORADO ,80129 ,DOUGLAS ,"INOVANT, LLC ",I-200-16216-553790 
ASHBURN ,VIRGINIA ,20147 ,LOUDOUN ,"INOVANT, LLC ",I-200-16229-327246 
AUSTIN ,TEXAS ,78759 ,TRAVIS ,"INOVANT, LLC ",I-200-16204-737609 
AUSTIN ,TEXAS ,78759 ,TRAVIS ,"INOVANT, LLC ",I-200-16197-497726 
FOSTER CITY ,CALIFORNIA ,94404 ,SAN MATEO ,"INOVANT, LLC ",I-200-16145-185743 
FOSTER CITY ,CALIFORNIA ,94404 ,SAN MATEO ,"INOVANT, LLC ",I-200-16140-145406 
AUSTIN ,TEXAS ,78759 ,TRAVIS ,"INOVANT, LLC ",I-200-16140-711010 
FOSTER CITY ,CALIFORNIA ,94404 ,SAN MATEO ,"INOVANT, LLC ",I-200-16118-746064 
CHICAGO ,ILLINOIS ,60603 ,COOK ,"EXELON BUSINESS SERVICES COMPANY, LLC ",I-200-16327-819339 
PHILADELPHIA ,PENNSYLVANIA ,19103 ,PHILADELPHIA ,"EXELON BUSINESS SERVICES COMPANY, LLC ",I-200-16294-917424 
CHICAGO ,ILLINOIS ,60603 ,COOK ,"EXELON BUSINESS SERVICES COMPANY, LLC ",I-200-16291-128932 
BALTIMORE ,MARYLAND ,21202 ,BALTIMORE CITY ,"EXELON BUSINESS SERVICES COMPANY, LLC ",I-200-16265-221974 
KENNETT SQUARE ,PENNSYLVANIA ,19348 ,CHESTER ,"EXELON BUSINESS SERVICES COMPANY, LLC ",I-200-16203-721105 
BALTIMORE ,MARYLAND ,21202 ,BALTIMORE CITY ,"EXELON BUSINESS SERVICES COMPANY, LLC ",I-200-16154-512738 
HOUSTON ,TEXAS ,77077 ,HARRIS ,IHI E&C INTERNATIONAL CORPORATION ,I-200-16308-332124 
HOUSTON ,TEXAS ,77077 ,HARRIS ,IHI E&C INTERNATIONAL CORPORATION ,I-200-16300-235904 
HOUSTON ,TEXAS ,77077 ,HARRIS ,IHI E&C INTERNATIONAL CORPORATION ,I-200-16285-768969 
LUSBY ,MARYLAND ,20657 ,CALVERT ,IHI E&AMP;C INTERNATIONAL CORPORATION ,I-200-16274-233650 
HARRISBURG ,NORTH CAROLINA ,28075 ,CABARRUS ,"COMPUTER AID, INC. ",I-200-16328-337549 
PITTSBURGH ,PENNSYLVANIA ,15221 ,ALLEGHENY ,"COMPUTER AID, INC. ",I-200-16235-245524 
VIENNA ,VIRGINIA ,22180 ,FAIRFAX ,"COMPUTER AID, INC. ",I-200-16215-245461 
HARRISBURG ,PENNSYLVANIA ,17120 ,DAUPHIN ,"COMPUTER AID, INC. ",I-200-16159-244443 
HARRISBURG ,PENNSYLVANIA ,17120 ,DAUPHIN ,"COMPUTER AID, INC. ",I-200-16158-177909 
IRVING ,TEXAS ,75038 ,DALLAS ,MCI COMMUNICATIONS SERVICES ,I-200-16316-571324 
SAN JOSE ,CALIFORNIA ,95131 ,SANTA CLARA ,"MCI COMMUNICATIONS SERVICES, INC. ",I-200-16288-253614 
SAN JOSE ,CALIFORNIA ,95131 ,SANTA CLARA ,"MCI COMMUNICATIONS SERVICES, INC. ",I-200-16281-848783 
SAN JOSE ,CALIFORNIA ,95131 ,SANTA CLARA ,MCI COMMUNICATIONS SERVICES ,I-200-16260-310604 
SAN JOSE ,CALIFORNIA ,95131 ,SANTA CLARA ,"MCI COMMUNICATIONS SERVICES, INC. ",I-200-16263-599540 
SAN JOSE ,CALIFORNIA ,95131 ,SANTA CLARA ,"MCI COMMUNICATIONS SERVICES, INC. ",I-200-16261-090965 
IRVING ,TEXAS ,75038 ,DALLAS ,MCI COMMUNICATIONS SERVICES ,I-200-16201-772454 
SAN JOSE ,CALIFORNIA ,95131 ,SANTA CLARA ,MCI COMMUNICATIONS SERVICES ,I-200-16200-849600 
SAN JOSE ,CALIFORNIA ,95131 ,SANTA CLARA ,MCI COMMUNICATIONS SERVICES ,I-200-16165-343130 
ATHENS ,OHIO ,45701 ,ATHENS ,THE OHIO UNIVERSITY ,I-200-16323-668707 
ATHENS ,OHIO ,45701 ,ATHENS ,THE OHIO UNIVERSITY ,I-200-16270-531655 
ATHENS ,OHIO ,45701 ,ATHENS ,THE OHIO UNIVERSITY ,I-200-16270-373217 
ATHENS ,OHIO ,45701 ,ATHENS ,THE OHIO UNIVERSITY ,I-200-16270-161926 
ATHENS ,OHIO ,45701 ,ATHENS ,THE OHIO UNIVERSITY ,I-200-16250-127799 
ATHENS ,OHIO ,45701 ,ATHENS ,THE OHIO UNIVERSITY ,I-200-16235-204740 
ATHENS ,OHIO ,45701 ,ATHENS ,THE OHIO UNIVERSITY ,I-200-16216-613647 
ATHENS ,OHIO ,45701 ,ATHENS ,THE OHIO UNIVERSITY ,I-200-16187-603710 
ATHENS ,OHIO ,45701 ,ATHENS ,THE OHIO UNIVERSITY ,I-200-16209-180086 
ATHENS ,OHIO ,45701 ,ATHENS ,THE OHIO UNIVERSITY ,I-200-16187-049977 
ATHENS ,OHIO ,45701 ,ATHENS ,THE OHIO UNIVERSITY ,I-200-16172-292235 
CHICAGO ,ILLINOIS ,60631 ,COOK ,U.S. CELLULAR CORPORATION ,I-200-16336-608819 
BENSENVILLE ,ILLINOIS ,60106 ,DU PAGE ,U.S.CELLULAR CORPORATION ,I-200-16335-806969 
CHICAGO ,ILLINOIS ,60631 ,COOK ,U.S. CELLULAR CORPORATION ,I-200-16320-024604 
SCHAUMBURG ,ILLINOIS ,60173 ,COOK ,U.S.CELLULAR CORPORATION ,I-200-16312-925362 
CHICAGO ,ILLINOIS ,60631 ,COOK ,U.S.CELLULAR CORPORATION ,I-200-16309-837260 
BENSENVILLE ,ILLINOIS ,60106 ,DU PAGE ,U.S. CELLULAR CORPORATION ,I-200-16291-170677 
BENSENVILLE ,ILLINOIS ,60106 ,DU PAGE ,U.S. CELLULAR CORPORATION ,I-200-16270-241564 
SAN FRANCISCO ,CALIFORNIA ,94105 ,SAN FRANCISCO ,LITMUS7 SYSTEMS CONSULTING INC. ,I-200-16344-038753 
SAN FRANCISCO ,CALIFORNIA ,94105 ,SAN FRANCISCO ,LITMUS7 SYSTEMS CONSULTING INC. ,I-200-16327-256002 
SAN FRANCISCO ,CALIFORNIA ,94111 ,SAN FRANCISCO ,LITMUS7 SYSTEMS CONSULTING INC. ,I-200-16323-442050 
SAN FRANCISCO ,CALIFORNIA ,94105 ,SAN FRANCISCO ,LITMUS7 SYSTEMS CONSULTING INC. ,I-200-16323-244972 
SAN FRANCISCO ,CALIFORNIA ,94105 ,SAN FRANCISCO ,LITMUS7 SYSTEMS CONSULTING INC. ,I-200-16301-998540 
SAN FRANCISCO ,CALIFORNIA ,94105 ,SAN FRANCISCO ,LITMUS7 SYSTEMS CONSULTING INC. ,I-200-16298-683457 
SAN FRANCISCO ,CALIFORNIA ,94105 ,SAN FRANCISCO ,LITMUS7 SYSTEMS CONSULTING INC. ,I-200-16238-506994 
SAN FRANCISCO ,CALIFORNIA ,94105 ,SAN FRANCISCO ,LITMUS7 SYSTEMS CONSULTING INC. ,I-200-16232-185679 
SAN FRANCISCO ,CALIFORNIA ,94105 ,SAN FRANCISCO ,LITMUS7 SYSTEMS CONSULTING INC. ,I-200-16235-217475 
SAN FRANCISCO ,CALIFORNIA ,94105 ,SAN FRANCISCO ,LITMUS7 SYSTEMS CONSULTING INC. ,I-200-16224-722547 
SUNNYVALE ,CALIFORNIA ,94086 ,SANTA CLARA ,LITMUS7 SYSTEMS CONSULTING INC. ,I-200-16208-342872 
SAN FRANCISCO ,CALIFORNIA ,94105 ,SAN FRANCISCO ,LITMUS7 SYSTEMS CONSULTING INC. ,I-200-16209-503464 
SUNNYVALE ,CALIFORNIA ,94086 ,SANTA CLARA ,LITMUS7 SYSTEMS CONSULTING INC. ,I-200-16208-538725 
SAN FRANCISCO ,CALIFORNIA ,94105 ,SAN FRANCISCO ,LITMUS7 SYSTEMS CONSULTING INC. ,I-200-16209-100419 
SAN FRANCISCO ,CALIFORNIA ,94105 ,SAN FRANCISCO ,LITMUS7 SYSTEMS CONSULTING INC. ,I-200-16209-900887 
SAN FRANCISCO ,CALIFORNIA ,94105 ,SAN FRANCISCO ,LITMUS7 SYSTEMS CONSULTING INC. ,I-200-16209-560778 
CHICAGO ,ILLINOIS ,60654 ,COOK ,MOTOROLA MOBILITY LLC ,I-200-16230-864561 
CHICAGO ,ILLINOIS ,60654 ,COOK ,MOTOROLA MOBILITY LLC ,I-200-16144-663939 
BOSTON ,MASSACHUSETTS ,02109 ,SUFFOLK ,BOOZ ALLEN HAMILTON INC. ,I-200-16328-361067 
COLUMBIA ,MARYLAND ,21044 ,HOWARD ,BOOZ ALLEN HAMILTON INC. ,I-200-16320-432445 
ROCKVILLE ,MARYLAND ,20852 ,MONTGOMERY ,BOOZ ALLEN HAMILTON INC. ,I-200-16319-239825 
BOSTON ,MASSACHUSETTS ,02109 ,SUFFOLK ,BOOZ ALLEN HAMILTON INC. ,I-200-16312-858877 
BOSTON ,MASSACHUSETTS ,02109 ,SUFFOLK ,BOOZ ALLEN HAMILTON INC. ,I-200-16312-268147 
WASHINGTON ,DISTRICT OF COLUMBIA ,20319 ,DISTRICT OF COLUMBIA ,BOOZ ALLEN HAMILTON INC. ,I-200-16189-233037 
BROOKLYN ,NEW YORK ,11201 ,KINGS ,"ETSY, INC. ",I-200-16316-743418 
BROOKLYN ,NEW YORK ,11201 ,KINGS ,"ETSY, INC. ",I-200-16314-271647 
BROOKLYN ,NEW YORK ,11201 ,KINGS ,"ETSY, INC. ",I-200-16292-594897 
SAN ANTONIO ,TEXAS ,78253 ,BEXAR ,NETSYNC NETWORK SOLUTIONS ,I-200-16273-259558 
MIAMI BEACH ,FLORIDA ,33139 ,MIAMI-DADE ,"BETSY HOSPITALITY MANAGEMENT, LLC ",I-200-16095-617172 
CHICAGO ,ILLINOIS ,60606 ,COOK ,BMW TECHNOLOGY CORPORATION ,I-200-16298-608367 
SAYREVILLE ,NEW JERSEY ,08872 ,NJ ,"IT CATS, LLC ",I-200-16356-352879 
RENTON ,WASHINGTON ,98057 ,KING COUNTY ,"IT CATS, LLC ",I-200-16337-794358 
QUINCY ,MASSACHUSETTS ,02169 ,NORFOLK COUNTY ,"IT CATS, LLC ",I-200-16326-125491 
RARITAN ,NEW JERSEY ,08869 ,SOMERSET COUNTY ,"IT CATS, LLC ",I-200-16314-531965 
SAYREVILLE ,NEW JERSEY ,08872 ,MIDDLESEX COUNTY ,"IT CATS, LLC ",I-200-16313-901089 
OAKS ,PENNSYLVANIA ,19456 ,MONTGOMERY COUNTY ,"IT CATS, LLC ",I-200-16313-899913 
NEW YORK ,NEW YORK ,10006 ,NEW YORK COUNTY ,"IT CATS, LLC ",I-200-16312-622398 
RARITAN ,NEW JERSEY ,08869 ,SOMERSET COUNTY ,"IT CATS, LLC ",I-200-16293-556044 
RARITAN ,NEW JERSEY ,08869 ,SOMERSET COUNTY ,"IT CATS, LLC ",I-200-16292-300303 
NEW YORK ,NEW YORK ,10012 ,NEW YORK COUNTY ,"IT CATS, LLC ",I-200-16288-552393 
SAYREVILLE ,NEW JERSEY ,08872 ,MIDDLESEX COUNTY ,"IT CATS, LLC ",I-200-16285-818750 
SAYREVILLE ,NEW JERSEY ,08872 ,MIDDLESEX COUNTY ,"IT CATS, LLC ",I-200-16285-765829 
UNION ,NEW JERSEY ,07083 ,UNION COUNTY ,"IT CATS, LLC ",I-200-16285-728133 
SAN RAMON ,CALIFORNIA ,94583 ,CONTRA COSTA COUNTY ,"IT CATS, LLC ",I-200-16274-398186 
ST PAUL ,MINNESOTA ,55112 ,RAMSEY COUNTY ,"IT CATS, LLC ",I-200-16274-807168 
AUGUSTA ,MAINE ,04333-0023 ,KENNEBEC COUNTY ,"IT CATS, LLC ",I-200-16266-367545 
SAYREVILLE ,NEW JERSEY ,08872 ,MIDDLESEX COUNTY ,"IT CATS, LLC ",I-200-16235-289821 
BOSTON ,MASSACHUSETTS ,02115 ,SUFFOLK ,CHILDREN'S HOSPITAL CORPORATION ,I-200-16322-746029 
BOSTON ,MASSACHUSETTS ,02115 ,SUFFOLK ,CHILDREN'S HOSPITAL CORPORATION ,I-200-16313-851377 
BOSTON ,MASSACHUSETTS ,02115 ,SUFFOLK ,CHILDREN'S HOSPITAL CORPORATION ,I-200-16308-484132 
BOSTON ,MASSACHUSETTS ,02115 ,SUFFOLK ,CHILDREN'S HOSPITAL CORPORATION ,I-200-16308-719267 
BOSTON ,MASSACHUSETTS ,02115 ,SUFFOLK ,CHILDREN'S HOSPITAL CORPORATION ,I-200-16294-514984 
BOSTON ,MASSACHUSETTS ,02115 ,SUFFOLK ,CHILDREN'S HOSPITAL CORPORATION ,I-200-16285-203804 
WINCHESTER ,MASSACHUSETTS ,01890 ,MIDDLESEX ,CHILDREN'S HOSPITAL CORPORATION ,I-200-16264-192907 
BOSTON ,MASSACHUSETTS ,02115 ,SUFFOLK ,CHILDREN'S HOSPITAL CORPORATION ,I-200-16264-177813 
BOSTON ,MASSACHUSETTS ,02115 ,SUFFOLK ,CHILDREN'S HOSPITAL CORPORATION ,I-200-16264-992409 
BOSTON ,MASSACHUSETTS ,02115 ,SUFFOLK ,CHILDREN'S HOSPITAL CORPORATION ,I-200-16264-811565 
BOSTON ,MASSACHUSETTS ,02115 ,SUFFOLK ,CHILDREN'S HOSPITAL CORPORATION ,I-200-16264-936538 
BOSTON ,MASSACHUSETTS ,02115 ,SUFFOLK ,CHILDREN'S HOSPITAL CORPORATION ,I-200-16265-126876 
WEYMOUTH ,MASSACHUSETTS ,02190 ,NORFOLK ,CHILDREN'S HOSPITAL CORPORATION ,I-200-16265-787114 
SANDWICH ,MASSACHUSETTS ,02563 ,BARNSTABLE ,CHILDREN'S HOSPITAL CORPORATION ,I-200-16265-039377 
BOSTON ,MASSACHUSETTS ,02115 ,SUFFOLK ,CHILDREN'S HOSPITAL CORPORATION ,I-200-16221-970289 
BOSTON ,MASSACHUSETTS ,02115 ,SUFFOLK ,CHILDREN'S HOSPITAL CORPORATION ,I-200-16221-716038 
BOSTON ,MASSACHUSETTS ,02215 ,SUFFOLK ,CHILDREN'S HOSPITAL CORPORATION ,I-200-16235-561153 
BOSTON ,MASSACHUSETTS ,02115 ,SUFFOLK ,CHILDREN'S HOSPITAL CORPORATION ,I-200-16252-015204 
BOSTON ,MASSACHUSETTS ,0211215 ,SUFFOLK ,CHILDREN'S HOSPITAL CORPORATION ,I-200-16221-003370 
BOSTON ,MASSACHUSETTS ,02115 ,SUFFOLK ,CHILDREN'S HOSPITAL CORPORATION ,I-200-16200-429483 
BOSTON ,MASSACHUSETTS ,02115 ,SUFFOLK ,CHILDREN'S HOSPITAL CORPORATION ,I-200-16195-861071 
BOSTON ,MASSACHUSETTS ,02115 ,SUFFOLK ,CHILDREN'S HOSPITAL CORPORATION ,I-200-16195-172911 
BOSTON ,MASSACHUSETTS ,02115 ,SUFFOLK ,CHILDREN'S HOSPITAL CORPORATION ,I-200-16193-099648 
CAMBRIDGE ,MASSACHUSETTS ,02139 ,MIDDLESEX ,CHILDREN'S HOSPITAL CORPORATION ,I-200-16176-355057 
BOSTON ,MASSACHUSETTS ,02115 ,SUFFOLK ,CHILDREN'S HOSPITAL CORPORATION ,I-200-16176-242494 
BOSTON ,MASSACHUSETTS ,02115 ,SUFFOLK ,CHILDREN'S HOSPITAL CORPORATION ,I-200-16174-223278 
BOSTON ,MASSACHUSETTS ,02115 ,SUFFOLK ,CHILDREN'S HOSPITAL CORPORATION ,I-200-16168-537729 
BOSTON ,MASSACHUSETTS ,02215 ,SUFFOLK ,CHILDREN'S HOSPITAL CORPORATION ,I-200-16168-765226 
WEYMOUTH ,MASSACHUSETTS ,02190 ,NORFOLK ,CHILDREN'S HOSPITAL CORPORATION ,I-200-16160-995935 
BOSTON ,MASSACHUSETTS ,02115 ,SUFFOLK ,CHILDREN'S HOSPITAL CORPORATION ,I-200-16160-320909 
SANDWICH ,MASSACHUSETTS ,02563 ,BARNSTABLE ,CHILDREN'S HOSPITAL CORPORATION ,I-200-16161-894284 
BOSTON ,MASSACHUSETTS ,02115 ,SUFFOLK ,CHILDREN'S HOSPITAL CORPORATION ,I-200-16160-975908 
BOSTON ,MASSACHUSETTS ,02115 ,SUFFOLK ,CHILDREN'S HOSPITAL CORPORATION ,I-200-16160-958596 
BROOKLINE ,MASSACHUSETTS ,02445 ,NORFOLK ,CHILDREN'S HOSPITAL CORPORATION ,I-200-16159-294576 
BOSTON ,MASSACHUSETTS ,02115 ,SUFFOLK ,CHILDREN'S HOSPITAL CORPORATION ,I-200-16153-040852 
BOSTON ,MASSACHUSETTS ,02115 ,SUFFOLK ,CHILDREN'S HOSPITAL CORPORATION ,I-200-16153-064092 
BOSTON ,MASSACHUSETTS ,02115 ,SUFFULK ,CHILDREN'S HOSPITAL CORPORATION ,I-200-16144-594676 
BOSTON ,MASSACHUSETTS ,02115 ,SUFFOLK ,CHILDREN'S HOSPITAL CORPORATION ,I-200-16144-738396 
BOSTON ,MASSACHUSETTS ,02115 ,SUFFOLK ,CHILDREN'S HOSPITAL CORPORATION ,I-200-16144-627601 
BOSTON ,MASSACHUSETTS ,02115 ,SUFFOLK ,CHILDREN'S HOSPITAL CORPORATION ,I-200-16144-122798 
BOSTON ,MASSACHUSETTS ,02115 ,SUFFOLK ,CHILDREN'S HOSPITAL CORPORATION ,I-200-16099-411359 
BALTIMORE ,MARYLAND ,21218 ,BALTIMORE CITY ,THE JOHNS HOPKINS UNIVERSITY ,I-200-16336-553449 
BALTIMORE ,MARYLAND ,21211 ,BALTIMORE CITY ,THE JOHNS HOPKINS UNIVERSITY ,I-200-16328-396637 
BALTIMORE ,MARYLAND ,21231 ,BALTIMORE CITY ,THE JOHNS HOPKINS UNIVERSITY ,I-200-16326-627929 
BALTIMORE ,MARYLAND ,21218 ,BALTIMORE CITY ,THE JOHNS HOPKINS UNIVERSITY ,I-200-16316-854345 
BALTIMORE ,MARYLAND ,21287 ,BALTIMORE CITY ,THE JOHNS HOPKINS UNIVERSITY ,I-200-16320-294043 
BALTIMORE ,MARYLAND ,21287 ,BALTIMORE CITY ,THE JOHNS HOPKINS UNIVERSITY ,I-200-16320-285766 
BALTIMORE ,MARYLAND ,21205 ,BALTIMORE CITY ,THE JOHNS HOPKINS UNIVERSITY ,I-200-16319-247774 
BALTIMORE ,MARYLAND ,21287 ,BALTIMORE CITY ,THE JOHNS HOPKINS UNIVERSITY ,I-200-16314-788642 
BALTIMORE ,MARYLAND ,21218 ,BALTIMORE CITY ,THE JOHNS HOPKINS UNIVERSITY ,I-200-16308-200218 
BALTIMORE ,MARYLAND ,21287 ,BALTIMORE CITY ,THE JOHNS HOPKINS UNIVERSITY ,I-200-16306-578725 
BALTIMORE ,MARYLAND ,21205 ,BALTIMORE CITY ,THE JOHNS HOPKINS UNIVERSITY ,I-200-16305-996367 
BALTIMORE ,MARYLAND ,21218 ,BALTIMORE CITY ,THE JOHNS HOPKINS UNIVERSITY ,I-200-16303-940668 
BALTIMORE ,MARYLAND ,21218 ,BALTIMORE CITY ,THE JOHNS HOPKINS UNIVERSITY ,I-200-16302-679514 
BALTIMORE ,MARYLAND ,21205 ,BALTIMORE CITY ,THE JOHNS HOPKINS UNIVERSITY ,I-200-16295-854482 
BALTIMORE ,MARYLAND ,21232 ,BALTIMORE CITY ,THE JOHNS HOPKINS UNIVERSITY ,I-200-16209-627485 
BALTIMORE ,MARYLAND ,21287 ,BALTIMORE CITY ,THE JOHNS HOPKINS UNIVERSITY ,I-200-16294-586447 
BALTIMORE ,MARYLAND ,21205 ,BALTIMORE CITY ,THE JOHNS HOPKINS UNIVERSITY ,I-200-16287-677505 
BALTIMORE ,MARYLAND ,21218 ,BALTIMORE CITY ,THE JOHNS HOPKINS UNIVERSITY ,I-200-16271-593012 
BALTIMORE ,MARYLAND ,21218 ,BALTIMORE CITY ,THE JOHNS HOPKINS UNIVERSITY ,I-200-16285-939297 
BALTIMORE ,MARYLAND ,21202 ,BALTIMORE CITY ,THE JOHNS HOPKINS UNIVERSITY ,I-200-16281-387866 
BALTIMORE ,MARYLAND ,21218 ,BALTIMORE CITY ,THE JOHNS HOPKINS UNIVERSITY ,I-200-16281-572222 
BALTIMORE ,MARYLAND ,21218 ,BALTIMORE CITY ,THE JOHNS HOPKINS UNIVERSITY ,I-200-16280-038169 
BALTIMORE ,MARYLAND ,21218 ,BALTIMORE CITY ,THE JOHNS HOPKINS UNIVERSITY ,I-200-16279-281324 
BALTIMORE ,MARYLAND ,21218 ,BALTIMORE CITY ,THE JOHNS HOPKINS UNIVERSITY ,I-200-16273-137086 
BALTIMORE ,MARYLAND ,21218 ,BALTIMORE CITY ,THE JOHNS HOPKINS UNIVERSITY ,I-200-16271-246702 
BALTIMORE ,MARYLAND ,21205 ,BALTIMORE CITY ,THE JOHNS HOPKINS UNIVERSITY ,I-200-16263-875289 
BALTIMORE ,MARYLAND ,21287 ,BALTIMORE CITY ,THE JOHNS HOPKINS UNIVERSITY ,I-200-16252-771960 
BALTIMORE ,MARYLAND ,21287 ,BALTIMORE CITY ,THE JOHNS HOPKINS UNIVERSITY ,I-200-16251-644404 
BALTIMORE ,MARYLAND ,21218 ,BALTIMORE CITY ,THE JOHNS HOPKINS UNIVERSITY ,I-200-16250-491846 
BALTIMORE ,MARYLAND ,21205 ,BALTIMORE CITY ,THE JOHNS HOPKINS UNIVERSITY ,I-200-16246-976673 
BALTIMORE ,MARYLAND ,21287 ,BALTIMORE CITY ,THE JOHNS HOPKINS UNIVERSITY ,I-200-16243-807961 
BALTIMORE ,MARYLAND ,21205 ,BALTIMORE CITY ,THE JOHNS HOPKINS UNIVERSITY ,I-200-16242-979912 
BALTIMORE ,MARYLAND ,21231 ,BALTIMORE CITY ,THE JOHNS HOPKINS UNIVERSITY ,I-200-16239-281494 
BALTIMORE ,MARYLAND ,21205 ,BALTIMORE CITY ,THE JOHNS HOPKINS UNIVERSITY ,I-200-16217-711002 
BALTIMORE ,MARYLAND ,21205 ,BALTIMORE CITY ,THE JOHNS HOPKINS UNIVERSITY ,I-200-16187-249700 
BALTIMORE ,MARYLAND ,21218 ,BALTIMORE CITY ,THE JOHNS HOPKINS UNIVERSITY ,I-200-16179-403641 
BALTIMORE ,MARYLAND ,21205 ,BALTIMORE CITY ,THE JOHNS HOPKINS UNIVERSITY ,I-200-16180-019271 
BALTIMORE ,MARYLAND ,21218 ,BALTIMORE CITY ,THE JOHNS HOPKINS UNIVERSITY ,I-200-16179-935477 
BALTIMORE ,MARYLAND ,21287 ,BALTIMORE CITY ,THE JOHNS HOPKINS UNIVERSITY ,I-200-16161-146746 
BALTIMORE ,MARYLAND ,21205 ,BALTIMORE CITY ,THE JOHNS HOPKINS UNIVERSITY ,I-200-16154-864767 
BALTIMORE ,MARYLAND ,21287 ,BALTIMORE CITY ,THE JOHNS HOPKINS UNIVERSITY ,I-200-16154-255603 
BALTIMORE ,MARYLAND ,21287 ,BALTIMORE CITY ,THE JOHNS HOPKINS UNIVERSITY ,I-200-16154-857610 
BALTIMORE ,MARYLAND ,21231 ,BALTIMORE CITY ,THE JOHNS HOPKINS UNIVERSITY ,I-200-16123-981307 
BALTIMORE ,MARYLAND ,21205 ,BALTIMORE CITY ,THE JOHNS HOPKINS UNIVERSITY ,I-200-16119-698729 
BALTIMORE ,MARYLAND ,21218 ,BALTIMORE CITY ,THE JOHNS HOPKINS UNIVERSITY ,I-200-16098-170422 
BALTIMORE ,MARYLAND ,21218 ,BALTIMORE CITY ,THE JOHNS HOPKINS UNIVERSITY ,I-200-16098-210983 
BALTIMORE ,MARYLAND ,21205 ,BALTIMORE CITY ,THE JOHNS HOPKINS UNIVERSITY ,I-200-16096-465256 
BALTIMORE ,MARYLAND ,21287 ,BALTIMORE CITY ,THE JOHNS HOPKINS UNIVERSITY ,I-200-16092-711063 
BALTIMORE ,MARYLAND ,21205 ,BALTIMORE CITY ,THE JOHNS HOPKINS UNIVERSITY ,I-200-16092-124211 
BOSTON ,MASSACHUSETTS ,02114 ,SUFFOLK ,GENERAL HOSPITAL CORPORATION ,I-200-16341-088578 
CHARLESTOWN ,MASSACHUSETTS ,02129 ,SUFFOLK ,GENERAL HOSPITAL CORPORATION ,I-200-16315-396392 
BOSTON ,MASSACHUSETTS ,02114 ,SUFFOLK ,GENERAL HOSPITAL CORPORATION ,I-200-16309-200078 
BOSTON ,MASSACHUSETTS ,02114 ,SUFFOLK ,GENERAL HOSPITAL CORPORATION ,I-200-16309-950173 
BOSTON ,MASSACHUSETTS ,02114 ,SUFFOLK ,GENERAL HOSPITAL CORPORATION ,I-200-16301-052134 
BOSTON ,MASSACHUSETTS ,02114 ,SUFFOLK ,GENERAL HOSPITAL CORPORATION ,I-200-16301-615261 
CAMBRIDGE ,MASSACHUSETTS ,02139 ,MIDDLESEX ,GENERAL HOSPITAL CORPORATION ,I-200-16298-229390 
CAMBRIDGE ,MASSACHUSETTS ,02139 ,MIDDLESEX ,GENERAL HOSPITAL CORPORATION ,I-200-16298-481770 
CHARLESTOWN ,MASSACHUSETTS ,02129 ,SUFFOLK ,GENERAL HOSPITAL CORPORATION ,I-200-16298-680456 
CHARLESTOWN ,MASSACHUSETTS ,02129 ,SUFFOLK ,GENERAL HOSPITAL CORPORATION ,I-200-16278-057554 
CHARLESTOWN ,MASSACHUSETTS ,02129 ,SUFFOLK ,GENERAL HOSPITAL CORPORATION ,I-200-16272-768522 
CHARLESTOWN ,MASSACHUSETTS ,02129 ,SUFFOLK ,GENERAL HOSPITAL CORPORATION ,I-200-16270-064702 
CHARLESTOWN ,MASSACHUSETTS ,02129 ,SUFFOLK ,GENERAL HOSPITAL CORPORATION ,I-200-16266-013467 
BOSTON ,MASSACHUSETTS ,02114 ,SUFFOLK ,GENERAL HOSPITAL CORPORATION ,I-200-16266-776506 
CHARLESTOWN ,MASSACHUSETTS ,02129 ,SUFFOLK ,GENERAL HOSPITAL CORPORATION ,I-200-16264-629928 
BOSTON ,MASSACHUSETTS ,02114 ,SUFFOLK ,GENERAL HOSPITAL CORPORATION ,I-200-16263-493320 
CHARLESTOWN ,MASSACHUSETTS ,02129 ,SUFFOLK ,GENERAL HOSPITAL CORPORATION ,I-200-16256-963725 
BOSTON ,MASSACHUSETTS ,02114 ,SUFFOLK ,GENERAL HOSPITAL CORPORATION ,I-200-16252-825794 
BOSTON ,MASSACHUSETTS ,02114 ,SUFFOLK ,GENERAL HOSPITAL CORPORATION ,I-200-16236-287610 
CHARLESTOWN ,MASSACHUSETTS ,02129 ,SUFFOLK ,GENERAL HOSPITAL CORPORATION ,I-200-16231-853736 
BOSTON ,MASSACHUSETTS ,02114 ,SUFFOLK ,GENERAL HOSPITAL CORPORATION ,I-200-16230-567570 
CHARLESTOWN ,MASSACHUSETTS ,02114 ,SUFFOLK ,GENERAL HOSPITAL CORPORATION ,I-200-16224-333056 
CHARLESTOWN ,MASSACHUSETTS ,02129 ,SUFFOLK ,GENERAL HOSPITAL CORPORATION ,I-200-16221-014095 
BOSTON ,MASSACHUSETTS ,02114 ,SUFFOLK ,GENERAL HOSPITAL CORPORATION ,I-200-16218-826942 
BOSTON ,MASSACHUSETTS ,02114 ,SUFFOLK ,GENERAL HOSPITAL CORPORATION ,I-200-16214-852976 
BOSTON ,MASSACHUSETTS ,02114 ,SUFFOLK ,GENERAL HOSPITAL CORPORATION ,I-200-16209-593640 
CHARLESTOWN ,MASSACHUSETTS ,02129 ,SUFFOLK ,GENERAL HOSPITAL CORPORATION ,I-200-16207-575180 
CHARLESTOWN ,MASSACHUSETTS ,02129 ,SUFFOLK ,GENERAL HOSPITAL CORPORATION ,I-200-16204-165415 
CHARLESTOWN ,MASSACHUSETTS ,02129 ,SUFFOLK ,GENERAL HOSPITAL CORPORATION ,I-200-16196-000199 
BOSTON ,MASSACHUSETTS ,02114 ,SUFFOLK ,GENERAL HOSPITAL CORPORATION ,I-200-16195-552945 
CHARLESTOWN ,MASSACHUSETTS ,02129 ,SUFFOLK ,GENERAL HOSPITAL CORPORATION ,I-200-16187-719837 
BOSTON ,MASSACHUSETTS ,02114 ,SUFFOLK ,GENERAL HOSPITAL CORPORATION ,I-200-16187-693533 
BOSTON ,MASSACHUSETTS ,02114 ,SUFFOLK ,GENERAL HOSPITAL CORPORATION ,I-200-16182-040538 
BOSTON ,MASSACHUSETTS ,02114 ,SUFFOLK ,GENERAL HOSPITAL CORPORATION ,I-200-16174-236649 
BOSTON ,MASSACHUSETTS ,02114 ,SUFFOLK ,GENERAL HOSPITAL CORPORATION ,I-200-16173-349042 
CHARLESTOWN ,MASSACHUSETTS ,02129 ,SUFFOLK ,GENERAL HOSPITAL CORPORATION ,I-200-16167-938188 
BOSTON ,MASSACHUSETTS ,02114 ,SUFFOLK ,GENERAL HOSPITAL CORPORATION ,I-200-16166-277814 
BOSTON ,MASSACHUSETTS ,02114 ,SUFFOLK ,GENERAL HOSPITAL CORPORATION ,I-200-16147-119769 
BOSTON ,MASSACHUSETTS ,02114 ,SUFFOLK ,GENERAL HOSPITAL CORPORATION ,I-200-16160-610175 
BOSTON ,MASSACHUSETTS ,02114 ,SUFFOLK ,GENERAL HOSPITAL CORPORATION ,I-200-16160-363750 
BOSTON ,MASSACHUSETTS ,02114 ,SUFFOLK ,GENERAL HOSPITAL CORPORATION ,I-200-16160-102369 
BOSTON ,MASSACHUSETTS ,02114 ,SUFFOLK ,GENERAL HOSPITAL CORPORATION ,I-200-16160-539068 
BOSTON ,MASSACHUSETTS ,02114 ,SUFFOLK ,GENERAL HOSPITAL CORPORATION ,I-200-16160-602913 
BOSTON ,MASSACHUSETTS ,02114 ,SUFFOLK ,GENERAL HOSPITAL CORPORATION ,I-200-16160-381280 
BOSTON ,MASSACHUSETTS ,02114 ,SUFFOLK ,GENERAL HOSPITAL CORPORATION ,I-200-16160-279206 
CHARLESTOWN ,MASSACHUSETTS ,02129 ,SUFFOLK ,GENERAL HOSPITAL CORPORATION ,I-200-16158-295595 
BOSTON ,MASSACHUSETTS ,02114 ,SUFFOLK ,GENERAL HOSPITAL CORPORATION ,I-200-16144-765150 
BOSTON ,MASSACHUSETTS ,02114 ,SUFFOLK ,GENERAL HOSPITAL CORPORATION ,I-200-16137-165411 
CHARLESTOWN ,MASSACHUSETTS ,02129 ,SUFFOLK ,GENERAL HOSPITAL CORPORATION ,I-200-16110-266206 
CHARLESTOWN ,MASSACHUSETTS ,02129 ,SUFFOLK ,GENERAL HOSPITAL CORPORATION ,I-200-16102-529606 
BOSTON ,MASSACHUSETTS ,02114 ,SUFFOLK ,GENERAL HOSPITAL CORPORATION ,I-200-16097-147575 
