city,state,zipcode,county,employer_name,case_number
MOUNT PLEASANT ,TEXAS ,75455 ,TITUS ,MOUNT PLEASANT INDEPENDENT SCHOOL DISTRICT ,I-200-16348-415912 
HOUSTON ,TEXAS ,77018 ,HARRIS ,HOUSTON INDEPENDENT SCHOOL DISTRICT ,I-200-16347-788829 
HOUSTON ,TEXAS ,77018 ,HARRIS ,HOUSTON INDEPENDENT SCHOOL DISTRICT ,I-200-16342-285264 
TEXARKANA ,TEXAS ,75503 ,TEXAS ,TEXARKANA INDEPENDENT SCHOOL DISTRICT ,I-200-16342-723107 
DALLAS ,TEXAS ,75231 ,DALLAS ,DALLAS INDEPENDENT SCHOOL DISTRICT ,I-200-16336-197901 
DALLAS ,TEXAS ,75223 ,DALLAS ,DALLAS INDEPENDENT SCHOOL DISTRICT ,I-200-16335-277477 
HOUSTON ,TEXAS ,77061 ,HARRIS ,HOUSTON INDEPENDENT SCHOOL DISTRICT ,I-200-16335-213174 
HOUSTON ,TEXAS ,77061 ,HARRIS ,HOUSTON INDEPENDENT SCHOOL DISTRICT ,I-200-16334-955008 
DALLAS ,TEXAS ,75217 ,DALLAS ,DALLAS INDEPENDENT SCHOOL DISTRICT ,I-200-16322-930284 
HOUSTON ,TEXAS ,77057 ,HARRIS ,HOUSTON INDEPENDENT SCHOOL DISTRICT ,I-200-16321-252122 
DALLAS ,TEXAS ,75229 ,DALLAS ,DALLAS INDEPENDENT SCHOOL DISTRICT ,I-200-16316-948492 
HOUSTON ,TEXAS ,77036 ,HARRIS ,HOUSTON INDEPENDENT SCHOOL DISTRICT ,I-200-16315-601895 
MOUNT PLEASANT ,TEXAS ,75455 ,TITUS ,MOUNT PLEASANT INDEPENDENT SCHOOL DISTRICT ,I-200-16314-858744 
GARLAND ,TEXAS ,75041 ,DALLAS ,GARLAND INDEPENDENT SCHOOL DISTRICT ,I-200-16312-211638 
PORT ARTHUR ,TEXAS ,77642 ,JEFFERSON ,PORT ARTHUR INDEPENDENT SCHOOL DISTRICT ,I-200-16312-114741 
GARLAND ,TEXAS ,75041 ,DALLAS ,GARLAND INDEPENDENT SCHOOL DISTRICT ,I-200-16294-834485 
DALLAS ,TEXAS ,75203 ,DALLAS ,DALLAS INDEPENDENT SCHOOL DISTRICT ,I-200-16298-684825 
DALLAS ,TEXAS ,75208 ,DALLAS ,DALLAS INDEPENDENT SCHOOL DISTRICT ,I-200-16298-730529 
HOUSTON ,TEXAS ,77045 ,HARRIS ,HOUSTON INDEPENDENT SCHOOL DISTRICT ,I-200-16288-424373 
HOUSTON ,TEXAS ,77022 ,HARRIS ,HOUSTON INDEPENDENT SCHOOL DISTRICT ,I-200-16288-442064 
WICHITA FALLS ,TEXAS ,76310 ,WHICHITA ,WICHITA FALLS INDEPENDENT SCHOOL DISTRICT ,I-200-16281-213253 
TYLER ,TEXAS ,75074 ,SMITH ,TYLER INDEPENDENT SCHOOL DISTRICT ,I-200-16281-037558 
DALLAS ,TEXAS ,75231 ,DALLAS ,DALLAS INDEPENDENT SCHOOL DISTRICT ,I-200-16280-873446 
HOUSTON ,TEXAS ,77036 ,HARRIS ,HOUSTON INDEPENDENT SCHOOL DISTRICT ,I-200-16259-568264 
FORT WORTH ,TEXAS ,76112 ,TARRANT ,FORT WORTH INDEPENDENT SCHOOL DISTRICT ,I-200-16278-074602 
NORTH RICHLAND HILLS ,TEXAS ,76180 ,TARRANT ,BIRDVILLE INDEPENDENT SCHOOL DISTRICT ,I-200-16280-685854 
NORTH RICHLAND HILLS ,TEXAS ,76180 ,TARRANT ,BIRDVILLE INDEPENDENT SCHOOL DISTRICT ,I-200-16278-192102 
DALLAS ,TEXAS ,75208 ,DALLAS ,DALLAS INDEPENDENT SCHOOL DISTRICT ,I-200-16277-065063 
HOUSTON ,TEXAS ,77018 ,HARRIS ,HOUSTON INDEPENDENT SCHOOL DISTRICT ,I-200-16277-281754 
DALLAS ,TEXAS ,75217 ,DALLAS ,DALLAS INDEPENDENT SCHOOL DISTRICT ,I-200-16264-443701 
DALLAS ,TEXAS ,75215 ,DALLAS ,DALLAS INDEPENDENT SCHOOL DISTRICT ,I-200-16263-373641 
LIVINGSTON ,TEXAS ,77351 ,POLK ,LIVINGSTON INDEPENDENT SCHOOL DISTRICT ,I-200-16251-958118 
DONNA ,TEXAS ,78537 ,HIDALGO ,DONNA INDEPENDENT SCHOOL DISTRICT ,I-200-16257-530605 
DALLAS ,TEXAS ,75237 ,DALLAS ,DALLAS INDEPENDENT SCHOOL DISTRICT ,I-200-16251-135492 
PORT ARTHUR ,TEXAS ,77640 ,JEFFERSON ,PORT ARTHUR INDEPENDENT SCHOOL DISTRICT ,I-200-16250-569419 
DALLAS ,TEXAS ,75228 ,DALLAS ,DALLAS INDEPENDENT SCHOOL DISTRICT ,I-200-16245-295989 
WACO ,TEXAS ,76710 ,MCLENNAN ,WACO INDEPENDENT SCHOOL DISTRICT ,I-200-16237-526872 
DALLAS ,TEXAS ,75227 ,DALLAS ,DALLAS INDEPENDENT SCHOOL DISTRICT ,I-200-16242-414295 
DALLAS ,TEXAS ,75211 ,DALLAS ,DALLAS INDEPENDENT SCHOOL DISTRICT ,I-200-16242-431459 
SEAGOVILLE ,TEXAS ,75159 ,DALLAS ,DALLAS INDEPENDENT SCHOOL DISTRICT ,I-200-16236-605597 
DALLAS ,TEXAS ,75229 ,DALLAS ,DALLAS INDEPENDENT SCHOOL DISTRICT ,I-200-16236-334505 
DALLAS ,TEXAS ,75212 ,DALLAS ,DALLAS INDEPENDENT SCHOOL DISTRICT ,I-200-16236-834822 
DALLAS ,TEXAS ,75217 ,DALLAS ,DALLAS INDEPENDENT SCHOOL DISTRICT ,I-200-16225-109634 
CROSBY ,TEXAS ,77532 ,HARRIS ,CROSBY INDEPENDENT SCHOOL DISTRICT ,I-200-16209-091590 
ODESSA ,TEXAS ,79761 ,ECTOR ,ECTOR COUNTY INDEPENDENT SCHOOL DISTRICT ,I-200-16204-387903 
DALLAS ,TEXAS ,75228 ,DALLAS ,DALLAS INDEPENDENT SCHOOL DISTRICT ,I-200-16203-094430 
HOUSTON ,TEXAS ,77053 ,FORT BEND ,FORT BEND INDEPENDENT SCHOOL DISTRICT ,I-200-16187-024618 
DALLAS ,TEXAS ,75220 ,DALLAS ,DALLAS INDEPENDENT SCHOOL DISTRICT ,I-200-16200-485820 
DALLAS ,TEXAS ,75233 ,DALLAS ,DALLAS INDEPENDENT SCHOOL DISTRICT ,I-200-16200-015341 
PORT ARTHUR ,TEXAS ,77642 ,JEFFERSON ,PORT ARTHUR INDEPENDENT SCHOOL DISTRICT ,I-200-16196-811798 
MISSOURI CITY ,TEXAS ,77489 ,FORT BEND ,FORT BEND INDEPENDENT SCHOOL DISTRICT ,I-200-16182-907191 
MOUNT PLEASANT ,TEXAS ,75455-1117 ,TITUS ,MOUNT PLEASANT INDEPENDENT SCHOOL DISTRICT ,I-200-16182-698000 
ODESSA ,TEXAS ,79760 ,ECTOR ,ECTOR COUNTY INDEPENDENT SCHOOL DISTRICT ,I-200-16161-984221 
HOUSTON ,TEXAS ,77016 ,HARRIS ,HOUSTON INDEPENDENT SCHOOL DISTRICT ,I-200-16180-663138 
HOUSTON ,TEXAS ,77063 ,HARRIS ,HOUSTON INDEPENDENT SCHOOL DISTRICT ,I-200-16180-738920 
HOUSTON ,TEXAS ,77045 ,HARRIS ,HOUSTON INDEPENDENT SCHOOL DISTRICT ,I-200-16180-526081 
HOUSTON ,TEXAS ,77087 ,HARRIS ,HOUSTON INDEPENDENT SCHOOL DISTRICT ,I-200-16175-986090 
GARLAND ,TEXAS ,75040 ,DALLAS ,GARLAND INDEPENDENT SCHOOL DISTRICT ,I-200-16167-102960 
HOUSTON ,TEXAS ,77043 ,HARRIS ,SPRING BRANCH INDEPENDENT SCHOOL DISTRICT ,I-200-16166-111436 
FORT WORTH ,TEXAS ,76110 ,TARRANT ,FORT WORTH INDEPENDENT SCHOOL DISTRICT ,I-200-16159-001482 
DALLAS ,TEXAS ,75254 ,DALLAS ,DALLAS INDEPENDENT SCHOOL DISTRICT ,I-200-16137-196650 
MESQUITE ,TEXAS ,75150 ,DALLAS ,MESQUITE INDEPENDENT SCHOOL DISTRICT ,I-200-16060-193650 
TYLER ,TEXAS ,75702 ,SMITH ,TYLER INDEPENDENT SCHOOL DISTRICT ,I-200-16127-410922 
DALLAS ,TEXAS ,75218 ,DALLAS ,DALLAS INDEPENDENT SCHOOL DISTRICT ,I-200-16124-855662 
TYLER ,TEXAS ,75702 ,SMITH ,TYLER INDEPENDENT SCHOOL DISTRICT ,I-200-16098-975398 
HOUSTON ,TEXAS ,77076 ,HARRIS ,HOUSTON INDEPENDENT SCHOOL DISTRICT ,I-200-16116-790077 
CARRIZO SPRINGS ,TEXAS ,78834 ,DIMMIT ,CARRIZO SPRINGS CONSOLIDATED INDEPENDENT SCHOOL DISTRICT ,I-200-16103-874232 
HOUSTON ,TEXAS ,77009 ,HARRIS ,HOUSTON INDEPENDENT SCHOOL DISTRICT ,I-200-16097-743785 
PHARR ,TEXAS ,78577 ,HIDALGO ,PHARR-SAN JUAN-ALAMO INDEPENDENT SCHOOL DISTRICT ,I-200-16095-242704 
PORT ARTHUR ,TEXAS ,77642 ,JEFFERSON ,PORT ARTHUR INDEPENDENT SCHOOL DISTRICT ,I-200-16095-122071 
FRIDLEY ,MINNESOTA ,55432 ,ANOKA ,INDEPENDENT SCHOOL DISTRICT #16 ,I-200-16090-121347 
SAN FRANCISCO ,CALIFORNIA ,94104 ,SAN FRANCISCO ,"LITHIUM TECHNOLOGIES, INC. ",I-200-16168-349459 
FOXBOROUGH ,MASSACHUSETTS ,02035 ,NORFOLK ,"ICONICS, INC. ",I-200-16147-483398 
SAN DIEGO ,CALIFORNIA ,92121 ,SAN DIEGO ,"NEOFLUIDICS, LLC ",I-200-16278-740299 
SAN MARCOS ,CALIFORNIA ,92078 ,SAN DIEGO COUNTY ,FLUID COMPONENTS INTERNATIONAL LLC ,I-200-16229-498538 
ALPHARETTA ,GEORGIA ,30005 ,FULTON COUNTY ,INGENICO INC. ,I-200-16343-304940 
CHICAGO ,ILLINOIS ,60603 ,COOK ,"STRATA MARKETING, INC. ",I-200-16173-071537 
CHICAGO ,ILLINOIS ,60603 ,COOK ,"STRATA MARKETING, INC. ",I-200-16162-955575 
CHICAGO ,ILLINOIS ,60603 ,COOK ,"STRATA MARKETING, INC. ",I-200-16162-210957 
CHICAGO ,ILLINOIS ,60603 ,COOK ,"STRATA MARKETING, INC. ",I-200-16097-124346 
REDLANDS ,CALIFORNIA ,92373 ,SAN BERNARDINO ,"ENVIRONMENTAL SYSTEMS RESEARCH INSTITUTE, INC. ",I-200-16259-515388 
REDLANDS ,CALIFORNIA ,92373 ,SAN BERNADINO ,"ENVIRONMENTAL SYSTEMS RESEARCH INSTITUTE, INC. (ESRI) ",I-200-16251-546963 
REDLANDS ,CALIFORNIA ,92373 ,SAN BERNARDINO ,"ENVIRONMENTAL SYSTEMS RESEARCH INSTITUTE, INC. ",I-200-16251-336323 
REDLANDS ,CALIFORNIA ,92373 ,SAN BERNADINO ,"ENVIRONMENTAL SYSTEMS RESEARCH INSTITUTE, INC. (ESRI) ",I-200-16189-682779 
REDLANDS ,CALIFORNIA ,92373 ,SAN BERNADINO ,"ENVIRONMENTAL SYSTEMS RESEARCH INSTITUTE, INC. (ESRI) ",I-200-16176-771371 
REDLANDS ,CALIFORNIA ,92373 ,SAN BERNARDINO ,"ENVIRONMENTAL SYSTEMS RESEARCH INSTITUTE, INC. ",I-200-16152-560547 
REDLANDS ,CALIFORNIA ,92373 ,SAN BERNADINO ,"ENVIRONMENTAL SYSTEMS RESEARCH INSTITUTE, INC. (ESRI) ",I-200-16109-703808 
REDLANDS ,CALIFORNIA ,92373 ,SAN BERNARDINO ,"ENVIRONMENTAL SYSTEMS RESEARCH INSTITUTE, INC. ",I-200-16147-608152 
REDLANDS ,CALIFORNIA ,92373 ,SAN BERNADINO ,"ENVIRONMENTAL SYSTEMS RESEARCH INSTITUTE, INC. (ESRI) ",I-200-16118-609875 
REDLANDS ,CALIFORNIA ,92373 ,SAN BERNADINO ,"ENVIRONMENTAL SYSTEMS RESEARCH INSTITUTE, INC. (ESRI) ",I-200-16118-422849 
REDLANDS ,CALIFORNIA ,92373 ,SAN BERNADINO ,"ENVIRONMENTAL SYSTEMS RESEARCH INSTITUTE, INC. (ESRI) ",I-200-16116-479113 
REDLANDS ,CALIFORNIA ,92373 ,SAN BERNADINO ,"ENVIRONMENTAL SYSTEMS RESEARCH INSTITUTE, INC. (ESRI) ",I-200-16113-941066 
REDLANDS ,CALIFORNIA ,92373 ,SAN BERNADINO ,"ENVIRONMENTAL SYSTEMS RESEARCH INSTITUTE, INC. (ESRI) ",I-200-16104-147678 
ESTERO ,FLORIDA ,33928 ,LEE ,IVEDIX INC. ,I-200-16291-094020 
ESTERO ,FLORIDA ,33928 ,LEE ,IVEDIX INC. ,I-200-16279-137540 
HUNT VALLEY ,MARYLAND ,21030 ,BALTIMORE ,"PHARMACEUTICS INTERNATIONAL , INC. ",I-200-16169-634867 
HUNT VALLEY ,MARYLAND ,21031 ,BALTIMORE ,"PHARMACEUTICS INTERNATIONAL , INC. ",I-200-16148-404921 
HUNT VALLEY ,MARYLAND ,21031 ,BALTIMORE ,"PHARMACEUTICS INTERNATIONAL , INC. ",I-200-16133-254659 
HUNT VALLEY ,MARYLAND ,21031 ,BALTIMORE ,"PHARMACEUTICS INTERNATIONAL , INC. ",I-200-16130-667537 
COCKEYSVILLE ,MARYLAND ,21030 ,BALTIMORE ,"PHARMACEUTICS INTERNATIONAL , INC. ",I-200-16132-271620 
AUSTIN ,TEXAS ,78724 ,TRAVIS COUNTY ,KIPP AUSTIN PUBLIC SCHOOLS ,I-200-16273-553966 
DORCHESTER ,MASSACHUSETTS ,02125 ,SUFFOLK ,"ENTERNET BUSINESS SYSTEMS, INC ",I-200-16354-228289 
AUDUBON ,PENNSYLVANIA ,19403 ,MONTGOMERY ,"ENTERNET BUSINESS SYSTEMS, INC ",I-200-16349-455252 
COLUMBUS ,OHIO ,43215 ,FRANKLIN ,"ENTERNET BUSINESS SYSTEMS, INC ",I-200-16349-053229 
FARMINGTON ,CONNECTICUT ,06032 ,HARTFORD ,"ENTERNET BUSINESS SYSTEMS, INC ",I-200-16340-527858 
DORCHESTER ,MASSACHUSETTS ,02125 ,SUFFOLK ,"ENTERNET BUSINESS SYSTEMS, INC ",I-200-16319-155751 
DORAL ,FLORIDA ,33178 ,MIAMI-DADE ,"ENTERNET BUSINESS SYSTEMS, INC ",I-200-16312-130980 
AUDUBON ,PENNSYLVANIA ,19403 ,MONTGOMERY ,"ENTERNET BUSINESS SYSTEMS, INC ",I-200-16306-843742 
HOUSTON ,TEXAS ,77005 ,HARRIS ,"ENTERNET BUSINESS SYSTEMS, INC ",I-200-16293-128120 
COLUMBUS ,OHIO ,43215 ,FRANKLIN ,"ENTERNET BUSINESS SYSTEMS, INC ",I-200-16280-206117 
MORGANVILLE ,NEW JERSEY ,07751 ,MONMOUTH ,"ENTERNET BUSINESS SYSTEMS, INC ",I-200-16280-493029 
ATLANTA ,GEORGIA ,30308 ,FULTON ,"ENTERNET BUSINESS SYSTEMS, INC ",I-200-16277-408134 
JOHNSTON ,RHODE ISLAND ,02919 ,PROVIDENCE ,"ENTERNET BUSINESS SYSTEMS, INC ",I-200-16222-402659 
WARREN ,NEW JERSEY ,07059 ,SOMERSET ,"ENTERNET BUSINESS SYSTEMS, INC ",I-200-16222-551318 
SAN ANTONIO ,TEXAS ,78258 ,BEXAR ,"ENTERNET BUSINESS SYSTEMS, INC ",I-200-16218-222902 
SAN ANTONIO ,TEXAS ,78258 ,BEXAR ,"ENTERNET BUSINESS SYSTEMS, INC ",I-200-16218-067999 
TAMPA ,FLORIDA ,33619 ,HILLSBOROUGH ,"ENTERNET BUSINESS SYSTEMS, INC ",I-200-16218-377766 
MOON TOWNSHIP ,PENNSYLVANIA ,15108 ,ALLEGHENY ,"ENTERNET BUSINESS SYSTEMS, INC ",I-200-16165-313431 
QUINCY ,MASSACHUSETTS ,02169 ,NORFOLK ,"ENTERNET BUSINESS SYSTEMS, INC ",I-200-16132-015164 
BEAVERTON ,OREGON ,97077 ,WASHINGTON ,"TEKTRONIX, INC. ",I-200-16258-565416 
BEAVERTON ,OREGON ,97077 ,WASHINGTON ,"TEKTRONIX, INC. ",I-200-16265-470302 
PLANO ,TEXAS ,75075 ,COLLIN ,"NETSCOUT SYSTEMS TEXAS, LLC (FKA TEKTRONIX TEXAS, LLC) ",I-200-16209-733113 
PLANO ,TEXAS ,75075 ,COLLIN ,"NETSCOUT SYSTEMS TEXAS, LLC (FKA TEKTRONIX TEXAS, LLC) ",I-200-16209-480170 
PLANO ,TEXAS ,75075 ,COLLIN ,"TEKTRONIX TEXAS, LLC ",I-200-16182-784062 
PLANO ,TEXAS ,75075 ,COLLIN ,"TEKTRONIX TEXAS, LLC ",I-200-16137-017822 
PLANO ,TEXAS ,75075 ,COLLIN ,"TEKTRONIX TEXAS, LLC ",I-200-16099-509116 
SOMERVILLE ,MASSACHUSETTS ,02145 ,MIDDLESEX ,CAMBRIDGE PUBLIC HEALTH COMMISSION ,I-200-16355-037079 
CAMBRIDGE ,MASSACHUSETTS ,02141 ,MIDDLESEX ,CAMBRIDGE PUBLIC HEALTH COMMISSION ,I-200-16335-116625 
EVERETT ,MASSACHUSETTS ,02149 ,MIDDLESEX ,CAMBRIDGE PUBLIC HEALTH COMMISSION ,I-200-16265-993612 
RICHARDSON ,TEXAS ,75080 ,DALLAS ,THE UNIVERSITY OF TEXAS AT DALLAS ,I-200-16358-885393 
GALVESTON ,TEXAS ,77554 ,GALVESTON ,TEXAS A&M UNIVERSITY AT GALVESTON ,I-200-16356-959975 
COLLEGE STATION ,TEXAS ,77843-3136 ,BRAZOS ,TEXAS A&M  ENGINEERING EXPERIMENT STATION ,I-200-16355-547816 
COLLEGE STATION ,TEXAS ,77843-3368 ,BRAZOS ,TEXAS A&M UNIVERSITY ,I-200-16355-386624 
COLLEGE STATION ,TEXAS ,77843 ,BRAZOS ,"TEXAS A&M ENGINEERING EXPERIMENT STATION, PART OF TAMUS ENGINEERING PR ",I-200-16349-185804 
COLLEGE STATION ,TEXAS ,77843 ,BRAZOS ,TEXAS A&M UNIVERSITY ,I-200-16341-075273 
COLLEGE STATION ,TEXAS ,77843 ,BRAZOS ,"TEXAS A&M ENGINEERING EXPERIMENT STATION, PART OF TAMUS ENGINEERING PR ",I-200-16337-470124 
COLLEGE STATION ,TEXAS ,77843 ,BRAZOS ,TEXAS A&M UNIVERSITY ,I-200-16334-659824 
COLLEGE STATION ,TEXAS ,77843 ,BRAZOS ,"TEXAS A&M AGRILIFE RESEARCH, PART OF TAMUS AGRICULTURAL PRG. ",I-200-16316-215156 
CORPUS CHRISTI ,TEXAS ,78412 ,NUECES ,TEXAS A&M UNIVERSITY CORPUS CHRISTI ,I-200-16333-062926 
COLLEGE STATION ,TEXAS ,77843 ,BRAZOS ,"TEXAS A&M TRANSPORTATION INSTITUTE, PART OF TAMUS ENGINEERING PRG. ",I-200-16333-523363 
CORPUS CHRISTI ,TEXAS ,78412 ,NUECES ,TEXAS A&M UNIVERSITY CORPUS CHRISTI ,I-200-16327-083051 
AUSTIN ,TEXAS ,78712 ,TRAVIS ,THE UNIVERSITY OF TEXAS AT AUSTIN ,I-200-16326-744418 
AUSTIN ,TEXAS ,78701 ,TRAVIS ,TEXAS ASSOCIATION OF COUNTY OFFICIALS ,I-200-16326-245893 
RICHARDSON ,TEXAS ,75080 ,DALLAS ,THE UNIVERSITY OF TEXAS AT DALLAS ,I-200-16323-353206 
COLLEGE STATION ,TEXAS ,77845 ,BRAZOS ,TEXAS A&M ENGINEERING EXPERIMENT STATION ,I-200-16322-233723 
RICHARDSON ,TEXAS ,75080 ,DALLAS ,THE UNIVERSITY OF TEXAS AT DALLAS ,I-200-16322-404125 
RICHARDSON ,TEXAS ,75080 ,DALLAS ,THE UNIVERSITY OF TEXAS AT DALLAS ,I-200-16322-789247 
COLLEGE STATION ,TEXAS ,77843 ,BRAZOS ,TEXAS A&M UNIVERSITY ,I-200-16320-533205 
AUSTIN ,TEXAS ,78712 ,TRAVIS ,THE UNIVERSITY OF TEXAS AT AUSTIN ,I-200-16316-595426 
COLLEGE STATION ,TEXAS ,77843-3003 ,BRAZOS ,TEXAS A&M  ENGINEERING EXPERIMENT STATION ,I-200-16316-016678 
COLLEGE STATION ,TEXAS ,77843-424 ,BRAZOS ,TEXAS A&M UNIVERSITY ,I-200-16314-230495 
COLLEGE STATION ,TEXAS ,77843-3147 ,BRAZOS ,TEXAS A&M UNIVERSITY ,I-200-16314-978391 
RICHARDSON ,TEXAS ,75080 ,DALLAS ,THE UNIVERSITY OF TEXAS AT DALLAS ,I-200-16313-425245 
RICHARDSON ,TEXAS ,75080 ,DALLAS ,THE UNIVERSITY OF TEXAS AT DALLAS ,I-200-16313-504998 
CORPUS CHRISTI ,TEXAS ,78412 ,NUECES ,TEXAS A&M UNIVERSITY CORPUS CHRISTI ,I-200-16312-406705 
AUSTIN ,TEXAS ,78712 ,TRAVIS ,THE UNIVERSITY OF TEXAS AT AUSTIN ,I-200-16309-691820 
AUSTIN ,TEXAS ,78701 ,TRAVIS ,THE UNIVERSITY OF TEXAS AT AUSTIN ,I-200-16305-724245 
ARLINGTON ,TEXAS ,76019 ,TARRANT ,THE UNIVERSITY OF TEXAS AT ARLINGTON ,I-200-16300-243362 
COLLEGE STATION ,TEXAS ,77843-3255 ,BRAZOS ,TEXAS A&M UNIVERSITY ,I-200-16301-319955 
COLLEGE STATION ,TEXAS ,77843 ,BRAZOS ,TEXAS A&M UNIVERSITY ,I-200-16299-974063 
COLLEGE STATION ,TEXAS ,77843-3002 ,BRAZOS ,TEXAS A&M UNIVERSITY ,I-200-16298-219605 
SAN ANTONIO ,TEXAS ,78233 ,BEXAR ,"TEXAS A&M ENGINEERING EXPERIMENT STATION, PART OF TAMUS ENGINEERING PR ",I-200-16294-008759 
KINGSVILLE ,TEXAS ,78363-8202 ,KLEBERG ,TEXAS A&M UNIVERSITY  KINGSVILLE ,I-200-16286-425431 
HOUSTON ,TEXAS ,77030 ,HARRIS ,"TEXAS A&AMP;M UNIVERSITY, HEALTH SCIENCE CENTER ",I-200-16292-348859 
AUSTIN ,TEXAS ,78712 ,TRAVIS ,THE UNIVERSITY OF TEXAS AT AUSTIN ,I-200-16292-003723 
COLLEGE STATION ,TEXAS ,77843 ,BRAZOS ,TEXAS A&M ENGINEERING EXPERIMENT STATION ,I-200-16291-224831 
COLLEGE STATION ,TEXAS ,77845 ,BRAZOS ,TEXAS A&M UNIVERSITY ,I-200-16288-363068 
RICHARDSON ,TEXAS ,75080 ,DALLAS ,THE UNIVERSITY OF TEXAS AT DALLAS ,I-200-16286-323481 
SAN ANTONIO ,TEXAS ,78207 ,BEXAR ,UNIVERSITY OF TEXAS AT SAN ANTONIO ,I-200-16286-113212 
RICHARDSON ,TEXAS ,75080 ,DALLAS ,THE UNIVERSITY OF TEXAS AT DALLAS ,I-200-16285-982483 
RICHARDSON ,TEXAS ,75080 ,DALLAS ,THE UNIVERSITY OF TEXAS AT DALLAS ,I-200-16285-426222 
SAN ANTONIO ,TEXAS ,78207 ,BEXAR ,UNIVERSITY OF TEXAS AT SAN ANTONIO ,I-200-16285-749180 
HOUSTON ,TEXAS ,77030 ,TX ,"TEXAS A&AMP;M UNIVERSITY, HEALTH SCIENCE CENTER ",I-200-16285-340628 
COLLEGE STATION ,TEXAS ,77843-4458 ,BRAZOS ,TEXAS A&M UNIVERSITY ,I-200-16280-307216 
COLLEGE STATION ,TEXAS ,77843 ,BRAZOS ,"TEXAS A&M UNIVERSITY, HEALTH SCIENCE CENTER ",I-200-16281-403171 
COLLEGE STATION ,TEXAS ,77843 ,BRAZOS ,"TEXAS A&M AGRILIFE RESEARCH, PART OF TAMUS AGRICULTURAL PRG. ",I-200-16280-269909 
COLLEGE STATION ,TEXAS ,77843-3002 ,BRAZOS ,TEXAS A&M UNIVERSITY ,I-200-16281-956021 
LAREDO ,TEXAS ,78041 ,WEBB ,TEXAS A&M INTERNATIONAL UNIVERSITY ,I-200-16278-141740 
COLLEGE STATION ,TEXAS ,77843-4466 ,BRAZOS ,TEXAS A&M AGRILIFE RESEARCH ,I-200-16278-440835 
COLLEGE STATION ,TEXAS ,77845 ,BRAZOS ,TEXAS A&M AGRILIFE RESEARCH ,I-200-16278-847175 
COLLEGE STATION ,TEXAS ,77843 ,BRAZOS ,TEXAS A&M AGRILIFE RESEARCH ,I-200-16278-181921 
ARLINGTON ,TEXAS ,76019 ,TARRANT ,THE UNIVERSITY OF TEXAS AT ARLINGTON ,I-200-16278-813052 
COLLEGE STATION ,TEXAS ,77843-3002 ,BRAZOS ,TEXAS A&M UNIVERSITY ,I-200-16277-227021 
KINGSVILLE ,TEXAS ,78363 ,KLEBERG ,"TEXAS A&AMP;M UNIVERSITY-KINGSVILLE, PART OF TEXAS A&AMP;M UNIVERSITY SYS. ",I-200-16274-207925 
COLLEGE STATION ,TEXAS ,77843 ,BRAZOS ,TEXAS A&M AGRILIFE RESEARCH ,I-200-16274-778968 
COLLEGE STATION ,TEXAS ,77843 ,BRAZOS ,TEXAS A&M ENGINEERING EXPERIMENT STATION ,I-200-16272-802618 
ARLINGTON ,TEXAS ,76019 ,TARRANT ,THE UNIVERSITY OF TEXAS AT ARLINGTON ,I-200-16271-453118 
COLLEGE STATION ,TEXAS ,77843 ,BRAZOS ,TEXAS A&M ENGINEERING EXPERIMENT STATION ,I-200-16270-757561 
DALLAS ,UTAH ,75246 ,DALLAS ,TEXAS A&M HEALTH SCIENCE CENTER ,I-200-16271-142490 
AUSTIN ,TEXAS ,78705 ,TRAVIS ,THE UNIVERSITY OF TEXAS AT AUSTIN ,I-200-16270-575226 
COLLEGE STATION ,TEXAS ,77845 ,TX ,TEXAS A&M UNIVERSITY ,I-200-16266-776934 
AUSTIN ,TEXAS ,78758 ,TRAVIS ,THE UNIVERSITY OF TEXAS AT AUSTIN ,I-200-16265-333895 
EL PASO ,TEXAS ,79927-5020 ,EL PASO ,TEXAS A&M AGRILIFE RESEARCH ,I-200-16264-775418 
CORPUS CHRISTI ,TEXAS ,78412 ,NUECES ,TEXAS A&M UNIVERSITY CORPUS CHRISTI ,I-200-16264-482044 
KINGSVILLE ,TEXAS ,78363-8202 ,KLEBERG ,TEXAS A&M UNIVERSITY - KINGSVILLE ,I-200-16260-065430 
ARLINGTON ,TEXAS ,76019 ,TARRANT ,THE UNIVERSITY OF TEXAS AT ARLINGTON ,I-200-16257-854840 
AUSTIN ,TEXAS ,78712 ,TRAVIS ,THE UNIVERSITY OF TEXAS AT AUSTIN ,I-200-16256-332797 
COLLEGE STATION ,TEXAS ,77843-2475 ,BRAZOS ,TEXAS A&M AGRILIFE RESEARCH ,I-200-16250-404634 
COLLEGE STATION ,TEXAS ,77843 ,BRAZOS ,TEXAS A&M UNIVERSITY ,I-200-16245-788239 
COLLEGE STATION ,TEXAS ,77845 ,BRAZOS ,"TEXAS A&M UNIVERSITY, HEALTH SCIENCE CENTER ",I-200-16244-273743 
COLLEGE STATION ,TEXAS ,77843 ,BRAZOS ,TEXAS A&M AGRILIFE RESEARCH ,I-200-16244-519641 
RICHARDSON ,TEXAS ,75080 ,DALLAS ,THE UNIVERSITY OF TEXAS AT DALLAS ,I-200-16237-380924 
DALLAS ,TEXAS ,75080 ,DALLAS ,THE UNIVERSITY OF TEXAS AT DALLAS ,I-200-16237-282701 
RICHARDSON ,TEXAS ,75080 ,DALLAS ,THE UNIVERSITY OF TEXAS AT DALLAS ,I-200-16237-981095 
RICHARDSON ,TEXAS ,75080 ,DALLAS ,THE UNIVERSITY OF TEXAS AT DALLAS ,I-200-16237-078742 
EL PASO ,TEXAS ,79968 ,EL PASO ,THE UNIVERSITY OF TEXAS AT EL PASO ,I-200-16232-764786 
AUSTIN ,TEXAS ,78758 ,TRAVIS ,THE UNIVERSITY OF TEXAS AT AUSTIN ,I-200-16229-945828 
AUSTIN ,TEXAS ,78712 ,TRAVIS ,THE UNIVERSITY OF TEXAS AT AUSTIN ,I-200-16229-856062 
COLLEGE STATION ,TEXAS ,77843 ,BRAZOS ,"TEXAS A&M ENGINEERING EXPERIMENT STATION, PART OF TAMUS ENGINEERING PR ",I-200-16228-397730 
BRYAN ,TEXAS ,77807 ,BRAZOS ,TEXAS A&M HEALTH SCIENCE CENTER ,I-200-16222-345779 
EL PASO ,TEXAS ,79968 ,EL PASO ,THE UNIVERSITY OF TEXAS AT  EL PASO ,I-200-16207-000951 
ARLINGTON ,TEXAS ,76019 ,TARRANT ,THE UNIVERSITY OF TEXAS AT ARLINGTON ,I-200-16223-206387 
ARLINGTON ,TEXAS ,76019 ,TARRANT ,THE UNIVERSITY OF TEXAS AT ARLINGTON ,I-200-16223-059575 
ARLINGTON ,TEXAS ,76019 ,TARRANT ,THE UNIVERSITY OF TEXAS AT ARLINGTON ,I-200-16223-570327 
ARLINGTON ,TEXAS ,76019 ,TARRANT ,THE UNIVERSITY OF TEXAS AT ARLINGTON ,I-200-16223-382346 
COLLEGE STATION ,TEXAS ,77843 ,BRAZOS ,TEXAS A&M UNIVERSITY ,I-200-16221-169726 
COLLEGE STATION ,TEXAS ,77843-3142 ,BRAZOS ,TEXAS A&M UNIVERSITY ,I-200-16218-495045 
HOUSTON ,TEXAS ,77030 ,HARRIS ,TEXAS A&M HEALTH SCIENCE CENTER ,I-200-16217-454440 
EL PASO ,TEXAS ,79968 ,EL PASO ,THE UNIVERSITY OF TEXAS AT EL PASO ,I-200-16214-714681 
HOUSTON ,TEXAS ,77030 ,HARRIS ,"TEXAS A&M UNIVERSITY, HEALTH SCIENCE CENTER ",I-200-16203-737309 
COLLEGE STATION ,TEXAS ,77843 ,BRAZOS ,TEXAS A&M UNIVERSITY ,I-200-16207-532215 
AUSTIN ,TEXAS ,78712 ,TRAVIS ,THE UNIVERSITY OF TEXAS AT AUSTIN ,I-200-16207-758881 
EL PASO ,TEXAS ,79968 ,EL PASO ,THE UNIVERSITY OF TEXAS AT EL PASO ,I-200-16201-772695 
COLLEGE STATION ,TEXAS ,77843 ,BRAZOS ,"TEXAS A&M AGRILIFE RESEARCH, PART OF TAMUS AGRICULTURAL PRG. ",I-200-16203-031344 
COLLEGE STATION ,TEXAS ,77843-3128 ,BRAZOS ,TEXAS A&M  ENGINEERING EXPERIMENT STATION ,I-200-16200-499148 
RICHARDSON ,TEXAS ,75080 ,DALLAS ,THE UNIVERSITY OF TEXAS AT DALLAS ,I-200-16200-471497 
SAN ANTONIO ,TEXAS ,78249 ,BEXAR ,UNIVERSITY OF TEXAS AT SAN ANTONIO ,I-200-16194-318570 
COLLEGE STATION ,TEXAS ,77843-4242 ,BRAZOS ,TEXAS A&M UNIVERSITY ,I-200-16189-246631 
BRYAN ,TEXAS ,77807 ,BRAZOS ,"TEXAS A&M UNIVERSITY, HEALTH SCIENCE CENTER ",I-200-16183-304915 
COLLEGE STATION ,TEXAS ,77843 ,BRAZOS ,TEXAS A&M AGRILIFE RESEARCH ,I-200-16180-316287 
CORPUS CHRISTI ,TEXAS ,78412 ,NUECES ,TEXAS A&M UNIVERSITY CORPUS CHRISTI ,I-200-16136-484338 
COLLEGE STATION ,TEXAS ,77843-1114 ,BRAZOS ,TEXAS A&M HEALTH SCIENCE CENTER ,I-200-16174-549914 
COLLEGE STATION ,TEXAS ,77843 ,BRAZOS ,TEXAS A&M AGRILIFE RESEARCH ,I-200-16168-754651 
AUSTIN ,TEXAS ,78712 ,TRAVIS ,THE UNIVERSITY OF TEXAS AT AUSTIN ,I-200-16168-278735 
CANTON ,MICHIGAN ,48187 ,WAYNE ,TEXAS A&M TRANSPORTATION INSTITUTE ,I-200-16162-177909 
COLLEGE STATION ,TEXAS ,77843 ,BRAZOS ,"TEXAS A&M UNIVERSITY, HEALTH SCIENCE CENTER ",I-200-16152-387225 
RICHARDSON ,TEXAS ,75080 ,DALLAS ,THE UNIVERSITY OF TEXAS AT DALLAS ,I-200-16147-758979 
COLLEGE STATION ,TEXAS ,77845 ,BRAZOS ,TEXAS A&M UNIVERSITY ,I-200-16141-944947 
COLLEGE STATION ,TEXAS ,77845 ,BRAZOS ,TEXAS A&M UNIVERSITY ,I-200-16139-649771 
COLLEGE STATION ,TEXAS ,77845 ,BRAZOS ,TEXAS A&M FOREST SERVICE (PART OF TEXAS A&M SYSTEM) ,I-200-16138-561410 
ROUND ROCK ,TEXAS ,78665 ,WILLIAMSON ,TEXAS A&M UNIVERSITY ,I-200-16127-681211 
COLLEGE STATION ,TEXAS ,77843-3367 ,BRAZOS ,TEXAS A&M UNIVERSITY ,I-200-16127-684593 
COMMERCE ,TEXAS ,75428 ,HUNT ,TEXAS A&M UNIVERSITY-COMMERCE ,I-200-16120-239145 
DALLAS ,TEXAS ,75235 ,DALLAS ,THE UNIVERSITY OF TEXAS AT DALLAS ,I-200-16119-432805 
COLLEGE STATION ,TEXAS ,77843-3367 ,BRAZOS ,TEXAS A&M UNIVERSITY ,I-200-16117-150254 
COLLEGE STATION ,TEXAS ,77843 ,BRAZOS ,TEXAS A&M UNIVERSITY ,I-200-16105-912994 
OVERTON ,TEXAS ,75684 ,RUSK ,"TEXAS A&M AGRILIFE RESEARCH, PART OF TAMUS AGRICULTURAL PRG. ",I-200-16105-032219 
OVERTOM ,TEXAS ,75684 ,RUSK ,"TEXAS A&M AGRILIFE RESEARCH, PART OF TAMUS AGRICULTURAL PRG. ",I-200-16096-921314 
NEW YORK ,NEW YORK ,10001 ,NEW YORK ,SWA GROUP ,I-200-16316-306581 
NEW YORK ,NEW YORK ,10001 ,NEW YORK ,SWA GROUP ,I-200-16313-603027 
SAUSALITO ,CALIFORNIA ,94966 ,MARIN COUNTY ,SWA GROUP ,I-200-16266-604779 
LOS ANGELES ,CALIFORNIA ,90017 ,LOS ANGELES COUNTY ,SWA GROUP ,I-200-16228-652856 
GRANITEVILLE ,SOUTH CAROLINA ,29829 ,AIKEN ,MTU AMERICA INC. ,I-200-16175-273041 
NAPA ,CALIFORNIA ,94558 ,NAPA ,TREASURY WINE ESTATES AMERICAS COMPANY ,I-200-16092-606560 
LOS ANGELES ,CALIFORNIA ,90067 ,LOS ANGELES ,POINTWEST TECHNOLOGIES CORP US ,I-200-16176-679301 
LOS ANGELES ,CALIFORNIA ,90067 ,LOS ANGELES ,POINTWEST TECHNOLOGIES CORP US ,I-200-16102-548270 
CHARLOTTE ,NORTH CAROLINA ,28269 ,MECKLENBURG ,"XEROX HR SOLUTIONS, LLC ",I-200-16287-134194 
ROCHESTER HILLS ,MICHIGAN ,48307 ,OAKLAND ,"XEROX HR SOLUTIONS, LLC ",I-200-16256-547531 
FOSTER CITY ,CALIFORNIA ,94404 ,SAN MATEO ,"ZUORA, INC. ",I-200-16349-488230 
FOSTER CITY ,CALIFORNIA ,94404 ,SAN MATEO ,"ZUORA, INC. ",I-200-16263-635695 
CHARLOTTE ,NORTH CAROLINA ,28204 ,MECKLENBURG ,"AVIDXCHANGE, INC. ",I-200-16293-792011 
NEW YORK ,NEW YORK ,10036 ,NEW YORK ,"D. E. SHAW &AMP; CO., L.P. ",I-200-16230-096642 
HORSHAM ,PENNSYLVANIA ,19044 ,MONTGOMERY ,ASTEA INTERNATIONAL INC. ,I-200-16315-623137 
NORTON ,MASSACHUSETTS ,02766 ,BRISTOL ,CONTICO CORP ,I-200-16252-836027 
