city,state,zipcode,county,employer_name,case_number
BETHPAGE ,NEW YORK ,11714 ,NASSAU ,IT & EBUSINESS CONSULTING SERVICES INC. ,I-200-16297-991905 
BETHPAGE ,NEW YORK ,11714 ,NASSAU ,IT & EBUSINESS CONSULTING SERVICES INC. ,I-200-16291-502203 
BETHPAGE ,NEW YORK ,11714 ,NASSAU ,IT & EBUSINESS CONSULTING SERVICES INC. ,I-200-16291-358852 
BETHPAGE ,NEW YORK ,11714 ,NASSAU ,IT & EBUSINESS CONSULTING SERVICES INC. ,I-200-16291-723199 
BETHPAGE ,NEW YORK ,11714 ,NASSAU ,IT & EBUSINESS CONSULTING SERVICES INC. ,I-200-16291-900730 
BETHPAGE ,NEW YORK ,11714 ,NASSAU ,IT & EBUSINESS CONSULTING SERVICES INC. ,I-200-16286-256489 
NEW YORK ,NEW YORK ,10003 ,NEW YORK ,"SHIFT OCCUPATIONAL, PHYSICAL THERAPY AND CHIROPRACTIC, PLLC ",I-200-16286-263835 
DALLAS ,TEXAS ,75244 ,DALLAS ,"ONE NETWORK ENTERPRISES, INC. ",I-200-16299-974491 
DALLAS ,TEXAS ,75244 ,DALLAS ,"ONE NETWORK ENTERPRISES, INC. ",I-200-16139-077238 
HAUPPAUGE ,NEW YORK ,11788 ,SUFFOLK ,CHARLES ROSS & SON COMPANY ,I-200-16286-272671 
LONG ISLAND CITY ,NEW YORK ,11101 ,QUEENS ,JETBLUE AIRWAYS ,I-200-16307-135199 
LONG ISLAND CITY ,NEW YORK ,11101 ,QUEENS ,JETBLUE AIRWAYS ,I-200-16299-318243 
LONG ISLAND CITY ,NEW YORK ,11101 ,QUEENS ,JETBLUE AIRWAYS ,I-200-16132-906612 
DALLAS ,TEXAS ,75252 ,DALLAS ,GCB SERVICES LLC ,I-200-16127-542150 
SOMERSET ,NEW JERSEY ,08873 ,SOMERSET ,"NOVEL LABORATORIES, INC. ",I-200-16244-030660 
SOMERSET ,NEW JERSEY ,08873 ,SOMERSET ,"NOVEL LABORATORIES, INC. ",I-200-16166-949928 
SOMERSET ,NEW JERSEY ,08873 ,SOMERSET ,"NOVEL LABORATORIES, INC. ",I-200-16139-530731 
LATHAM ,NEW YORK ,12110 ,ALBANY ,SMART IT FRAME LLC ,I-200-16363-535113 
BRIDGEWATER ,NEW JERSEY ,08807 ,SOMERSET ,SMART IT FRAME LLC ,I-200-16323-558607 
JERSEY CITY ,NEW JERSEY ,07302 ,HUDSON ,SMART IT FRAME LLC ,I-200-16306-756611 
WHITE PLAINS ,NEW YORK ,10604 ,WESTCHESTER ,SMART IT FRAME LLC ,I-200-16306-842553 
ALBANY ,NEW YORK ,12237 ,ALBANY ,SMART IT FRAME LLC ,I-200-16306-330815 
TAMPA ,FLORIDA ,33607 ,HILLSBOROUGH ,SMART IT FRAME LLC ,I-200-16306-642038 
JERSEY CITY ,TEXAS ,07302 ,HUDSON ,SMART IT FRAME LLC ,I-200-16306-886794 
JERSEY CITY ,NEW JERSEY ,07302 ,HUDSON ,SMART IT FRAME LLC ,I-200-16286-276444 
NEW YORK ,NEW YORK ,10001 ,NEW YORK ,JLH EXPERIENTIAL LLC ,I-200-16286-279130 
ROCKVILLE ,MARYLAND ,20850 ,MONTGOMERY ,"FLAGSHIP REHABILITATION, INC. ",I-200-16286-281204 
TAMPA ,FLORIDA ,33637 ,HILLSBOROUGH ,TECHNOLOGY HUB INC ,I-200-16333-928812 
ASHBURN ,VIRGINIA ,20147 ,LOUDOUN COUNTY ,TECHNOLOGY HUB INC ,I-200-16321-912120 
PITTSBURGH ,PENNSYLVANIA ,15205 ,ALLEGHENY ,TECHNOLOGY HUB INC ,I-200-16286-281407 
EWING ,NEW JERSEY ,08628 ,MERCER ,FMC CORPORATION ,I-200-16195-733137 
PHILADELPHIA ,PENNSYLVANIA ,19104 ,PHILADELPHIA ,FMC CORPORATION ,I-200-16152-555404 
WASHINGTON ,DISTRICT OF COLUMBIA ,20024 ,DISTRICT OF COLUMBIA ,"NOVISYNC SOLUTIONS, INC. ",I-200-16344-467171 
DURHAM ,NORTH CAROLINA ,27707 ,DURHAM ,"NOVISYNC, INC. ",I-200-16286-299874 
LINCOLNSHIRE ,ILLINOIS ,60069 ,LAKE COUNTY ,NOVISYNC  INC. ,I-200-16231-176816 
PHOENIX ,ARIZONA ,85027 ,MARICOPA ,"NOVISYNC, INC. ",I-200-16224-131378 
PHOENIX ,NEW YORK ,85027 ,MARICOPA ,"NOVISYNC, INC. ",I-200-16216-419526 
KING OF PRUSSIA ,PENNSYLVANIA ,19406 ,MONTGOMERY ,"NOVISYNC, INC. ",I-200-16214-458028 
KING OF PRUSSIA ,NEW YORK ,19406 ,MONTGOMERY ,"NOVISYNC, INC. ",I-200-16204-288132 
ATLANTA ,GEORGIA ,30350 ,FULTON ,"NOVISYNC, INC. ",I-200-16140-591914 
IRVING ,TEXAS ,75038 ,DALLAS ,"NOVISYNC, INC. ",I-200-16127-671371 
CHICAGO ,ILLINOIS ,60604 ,COOK ,CONTINENTAL CASUALTY COMPANY ,I-200-16139-001616 
SAN JOSE ,CALIFORNIA ,95134 ,SANTA CLARA ,"SENNOVATE, INC. ",I-200-16286-311333 
NORWELL ,MASSACHUSETTS ,02061 ,PLYMOUTH ,"SENNOVATE, INC. ",I-200-16165-782465 
SPARTANBURG ,SOUTH CAROLINA ,29303 ,SPARTANBURG ,"SPARTANBURG REGIONAL HEALTH SERVICES DISTRICT, INC. ",I-200-16286-316851 
SPARTANBURG ,SOUTH CAROLINA ,29303 ,SPARTANBURG ,SPARTANBURG REGIONAL HEALTH SERVICES DISTRICT LLC ,I-200-16238-504345 
OLIVET ,MICHIGAN ,49076 ,EATON ,OLIVET COLLEGE ,I-200-16286-318150 
OLIVET ,MICHIGAN ,49076 ,EATON ,OLIVET COLLEGE ,I-200-16286-798147 
AGAT ,GUAM ,96928 ,GUAM ,TRISTAR TERMINALS GUAM INC. ,I-200-16286-324400 
AGAT ,GUAM ,96928 ,GUAM ,TRISTAR TERMINALS GUAM INC. ,I-200-16263-443437 
SAN FRANCISCO ,CALIFORNIA ,94103 ,SAN FRANCISCO ,UNITY TECHNOLOGIES SF ,I-200-16323-119396 
SAN FRANCISCO ,CALIFORNIA ,94103 ,SAN FRANCISCO ,UNITY TECHNOLOGIES SF ,I-200-16287-307043 
BELLEVUE ,WASHINGTON ,98004 ,KING ,UNITY TECHNOLOGIES SF ,I-200-16286-329436 
SAN FRANCISCO ,CALIFORNIA ,94103 ,SAN FRANCISCO ,UNITY TECHNOLOGIES SF ,I-200-16194-023376 
VERNON ,CONNECTICUT ,06066 ,TOLLAND ,"HEALTHWISE MEDICAL ASSOCIATES, LLP ",I-200-16286-333570 
CHICAGO ,ILLINOIS ,60612 ,COOK ,JOHN H. STROGER HOSPITAL OF COOK COUNTY/COOK COUNTY ,I-200-16286-335269 
ATLANTA ,GEORGIA ,30316 ,FULTON ,"BEULAH HEIGHTS BIBLE COLLEGE, INC ",I-200-16286-337075 
ATLANTA ,GEORGIA ,30316 ,FULTON ,"BEULAH HEIGHTS BIBLE COLLEGE, INC ",I-200-16253-001582 
BETHESDA ,MARYLAND ,20814 ,MONTGOMERY ,"KNOWLEDGE TO PRACTICE, INC. ",I-200-16286-337768 
CHICAGO ,ILLINOIS ,60604 ,COOK ,ISM ASSOCIATES INC ,I-200-16306-042595 
AUBURN HILLS ,MICHIGAN ,48326 ,OAKLAND ,"GGS INFORMATION SERVICES, INC. ",I-200-16286-347599 
NEW YORK ,NEW YORK ,10019 ,NEW YORK ,POINTSTATE CAPITAL L.P. ,I-200-16299-039883 
NEW YORK ,NEW YORK ,10019 ,NEW YORK ,POINTSTATE CAPITAL L.P. ,I-200-16286-358922 
WASHINGTON ,DISTRICT OF COLUMBIA ,20551 ,N/A ,BOARD OF GOVERNORS OF THE FEDERAL RESERVE SYSTEM ,I-200-16286-361218 
HOUSTON ,TEXAS ,77040 ,HARRIS ,BAKER HUGHES INCORPORATED ,I-200-16337-566700 
CHICAGO ,ILLINOIS ,60601 ,COOK ,BAKER AND MCKENZIE GLOBAL SERVICES LLC ,I-200-16310-093014 
NEW YORK ,NEW YORK ,10018 ,NEW YORK ,BAKER & MCKENZIE LLP ,I-200-16308-061876 
BETHESDA ,MARYLAND ,20814 ,MONTGOMERY ,"MACARTHUR & BAKER INTERNATIONAL, INC. ",I-200-16293-010041 
HOUSTON ,TEXAS ,77042 ,HARRIS COUNTY ,"BAKER ENGINEERING AND RISK CONSULTANTS, INC. ",I-200-16294-855169 
HOUSTON ,TEXAS ,77042 ,HARRIS COUNTY ,"BAKER ENGINEERING AND RISK CONSULTANTS, INC. ",I-200-16294-690059 
THE WOODLANDS ,TEXAS ,77380 ,MONTGOMERY ,BAKER HUGHES INCORPORATED ,I-200-16270-061534 
NEW YORK ,ILLINOIS ,10018 ,NEW YORK ,BAKER & MCKENZIE PC ,I-200-16286-363895 
BAKERSFIELD ,CALIFORNIA ,93311 ,KERN ,"CALIFORNIA STATE UNIVERSITY, BAKERSFIELD ",I-200-16266-676894 
LONG ISLAND CITY ,NEW YORK ,11101 ,QUEENS ,ACO BAKERY INC ,I-200-16266-849233 
ORLANDO ,FLORIDA ,32807 ,ORANGE ,"BAKER CONCRETE CONSTRUCTION, INC. ",I-200-16251-957435 
BAKERSFIELD ,CALIFORNIA ,93311 ,KERN ,"CALIFORNIA STATE UNIVERSITY, BAKERSFIELD ",I-200-16251-488662 
BAKERSFIELD ,CALIFORNIA ,93311 ,KERN ,"CALIFORNIA STATE UNIVERSITY, BAKERSFIELD ",I-200-16251-894607 
CHARLOTTE ,NORTH CAROLINA ,28217 ,MECKLENBURG ,"BAKER & TAYLOR, LLC ",I-200-16196-312411 
DALLAS ,TEXAS ,75234 ,DALLAS ,"MICHAEL BAKER INTERNATIONAL, INC. ",I-200-16133-290430 
CORAOPOLIS ,PENNSYLVANIA ,15108 ,ALLEGHENY ,"MICHAEL BAKER INTERNATIONAL, INC. ",I-200-16133-457754 
BETHESDA ,MARYLAND ,20814 ,MONTGOMERY ,"MACARTHUR AND BAKER INTERNATIONAL, INC ",I-200-16088-675857 
PRINCETON JUNCTION ,NEW JERSEY ,08550 ,MERCER ,"DEXTRO SOFTWARE SYSTEMS, INC. ",I-200-16333-842795 
ASHEVILLE ,NORTH CAROLINA ,28803 ,BUNCOMBE ,"DEXTRO SOFTWARE SYSTEMS, INC. ",I-200-16302-087160 
BROOKLYN ,NEW YORK ,11201 ,KINGS ,"DEXTRO SOFTWARE SYSTEMS, INC. ",I-200-16286-365044 
NEW YORK ,NEW YORK ,10001 ,NEW YORK ,"DEXTRO SOFTWARE SYSTEMS, INC. ",I-200-16286-868047 
SAN FRANCISCO ,CALIFORNIA ,94105 ,SAN FRANCISCO ,"DEXTRO SOFTWARE SYSTEMS, INC. ",I-200-16175-425983 
PEARL RIVER ,NEW YORK ,10965 ,ROCKLAND ,INFOGROUP INC. ,I-200-16286-367943 
DALLAS ,TEXAS ,75248 ,DALLAS ,"INFOGROUP, INC. ",I-200-16214-732128 
DALLAS ,TEXAS ,75248 ,DALLAS ,"INFOGROUP, INC. ",I-200-16176-877666 
PAPILLION ,NEBRASKA ,68046 ,SARPY ,"INFOGROUP, INC. ",I-200-16147-187987 
DES PLAINES ,ILLINOIS ,60018 ,COOK COUNTY ,"VENDAVO, INC. ",I-200-16307-936723 
MOUNTAIN VIEW ,CALIFORNIA ,94043 ,SANTA CLARA COUNTY ,"VENDAVO, INC. ",I-200-16286-375270 
SANTEE ,CALIFORNIA ,92071 ,SAN DIEGO ,SANCTUM HEALTHCARE CORPORATION ,I-200-16286-375371 
SANTEE ,CALIFORNIA ,92071 ,SAN DIEGO ,SANCTUM HEALTHCARE CORPORATION ,I-200-16217-093474 
SAN RAMON ,CALIFORNIA ,94583 ,CONTRA COSTA ,PACIFIC GAS AND ELECTRIC COMPANY ,I-200-16294-216727 
SAN FRANCISCO ,CALIFORNIA ,94105 ,SAN FRANCISCO ,PACIFIC GAS AND ELECTRIC COMPANY ,I-200-16286-387292 
SAN FRANCISCO ,CALIFORNIA ,94105 ,SAN FRANCISCO ,PACIFIC GAS AND ELECTRIC COMPANY ,I-200-16174-395699 
SAN RAMON ,CALIFORNIA ,94583 ,CONTRA COSTA ,PACIFIC GAS AND ELECTRIC COMPANY ,I-200-16165-085597 
SAN RAMON ,CALIFORNIA ,94583 ,CONTRA COSTA ,PACIFIC GAS AND ELECTRIC COMPANY ,I-200-16152-115865 
ROCHESTER ,MINNESOTA ,55902-3383 ,OLMSTED ,ANALYSTS INTERNATIONAL CORPORATION ,I-200-16286-393407 
SAN CARLOS ,CALIFORNIA ,94070 ,SAN MATEO ,"HELIX EMPLOYMENT, LLC ",I-200-16313-541996 
SAN CARLOS ,CALIFORNIA ,94070 ,SAN MATEO ,"HELIX EMPLOYMENT , LLC ",I-200-16286-401114 
SAN DIEGO ,CALIFORNIA ,92127 ,SAN DIEGO ,"MILLENNIUM HEALTH, LLC ",I-200-16286-401259 
HORSHAM ,PENNSYLVANIA ,19044 ,MONTGOMERY ,"NEXINFO SOLUTIONS, INC ",I-200-16301-309495 
REDLANDS ,CALIFORNIA ,92374 ,SAN BERNARDINO ,"NEXINFO SOLUTIONS, INC ",I-200-16300-817997 
WILMINGTON ,DELAWARE ,19850 ,NEW CASTLE ,SARIAN SOLUTIONS INC ,I-200-16315-901323 
GAITHERSBURG ,MARYLAND ,20878 ,MONTGOMERY ,SARIAN SOLUTIONS INC ,I-200-16288-764751 
FALLS CHURCH ,VIRGINIA ,22042 ,FAIR FAX ,SARIAN SOLUTIONS INC ,I-200-16286-406973 
DALLAS ,TEXAS ,75252 ,COLLIN ,"AUTOMATION ANYWHERE, INC. ",I-200-16336-585159 
SAN JOSE ,CALIFORNIA ,95131 ,SANTA CLARA ,"AUTOMATION ANYWHERE, INC. ",I-200-16315-642512 
SAN JOSE ,CALIFORNIA ,95131 ,SANTA CLARA ,"AUTOMATION ANYWHERE, INC. ",I-200-16286-416167 
DALLAS ,TEXAS ,75219 ,DALLAS ,SAVIN TECHNOLOGIES INC ,I-200-16355-648412 
SANDY SPRINGS ,GEORGIA ,30342 ,FULTON ,SAVIN TECHNOLOGIES INC ,I-200-16327-987524 
BLOOMINGTON ,ILLINOIS ,61791 ,MCLEAN ,SAVIN TECHNOLOGIES INC ,I-200-16286-419492 
SAN LEANDRO ,CALIFORNIA ,94577 ,ALAMEDA ,"TEKVALLEY CORPORATION,INC. ",I-200-16319-790930 
SAN LEANDRO ,CALIFORNIA ,94577 ,ALAMEDA ,"TEKVALLEY CORPORATION,INC. ",I-200-16319-419235 
SAN LEANDRO ,CALIFORNIA ,94577 ,ALAMEDA ,"TEKVALLEY CORPORATION,INC. ",I-200-16319-928413 
SAN LEANDRO ,CALIFORNIA ,94577 ,ALAMEDA ,"TEKVALLEY CORPORATION,INC. ",I-200-16286-422366 
SAN LEANDRO ,CALIFORNIA ,94577 ,ALAMEDA ,"TEKVALLEY CORPORATION,INC. ",I-200-16286-552619 
SAN LEANDRO ,CALIFORNIA ,94577 ,ALAMEDA ,"TEKVALLEY CORPORATION,INC. ",I-200-16286-871185 
SAN LEANDRO ,CALIFORNIA ,94577 ,ALAMEDA ,"TEKVALLEY CORPORATION,INC. ",I-200-16258-671792 
SAN FRANCISCO ,CALIFORNIA ,94105 ,SAN FRANCISCO ,"TEKVALLEY CORPORATION,INC. ",I-200-16251-490742 
SAN LEANDRO ,CALIFORNIA ,94577 ,ALAMEDA ,"TEKVALLEY CORPORATION,INC. ",I-200-16160-573414 
BOXBOROUGH ,MASSACHUSETTS ,01719 ,MIDDLESEX ,XCHANGING SOLUTIONS (USA) INC. ,I-200-16356-140292 
DOVER ,NEW HAMPSHIRE ,03820 ,STRAFFORD ,XCHANGING SOLUTIONS (USA) INC. ,I-200-16348-101961 
DOVER ,NEW HAMPSHIRE ,03820 ,STRAFFORD ,XCHANGING SOLUTIONS (USA) INC. ,I-200-16341-418229 
DOVER ,NEW HAMPSHIRE ,03820 ,STRAFFORD ,XCHANGING SOLUTIONS (USA) INC. ,I-200-16333-672032 
PORTSMOUTH ,NEW HAMPSHIRE ,03801 ,ROCKINGHAM ,XCHANGING SOLUTIONS (USA) INC. ,I-200-16286-424760 
DEARBORN ,MICHIGAN ,48120 ,WAYNE ,XCHANGING SOLUTIONS (USA) INC ,I-200-16265-117554 
DOVER ,NEW HAMPSHIRE ,03820 ,STRAFFORD ,XCHANGING SOLUTIONS (USA) INC ,I-200-16263-796610 
DOVER ,NEW HAMPSHIRE ,03820 ,STRAFFORD ,XCHANGING SOLUTIONS (USA) INC ,I-200-16259-908704 
DOVER ,NEW HAMPSHIRE ,03820 ,STRAFFORD ,XCHANGING SOLUTIONS (USA) INC ,I-200-16251-065425 
DOVER ,NEW HAMPSHIRE ,03820 ,STRAFFORD ,XCHANGING SOLUTIONS (USA) INC ,I-200-16256-399996 
SEATTLE ,WASHINGTON ,98154 ,KING ,XCHANGING SOLUTIONS (USA) INC ,I-200-16252-013299 
DOVER ,NEW HAMPSHIRE ,03820 ,STRAFFORD ,XCHANGING SOLUTIONS (USA) INC ,I-200-16218-136226 
PORTSMOUTH ,NEW HAMPSHIRE ,03801 ,ROCKINGHAM ,XCHANGING SOLUTIONS (USA) INC ,I-200-16217-972265 
DOVER ,NEW HAMPSHIRE ,03820 ,STRAFFORD ,XCHANGING SOLUTIONS (USA) INC ,I-200-16218-185064 
DOVER ,NEW HAMPSHIRE ,03820 ,STRAFFORD ,XCHANGING SOLUTIONS (USA) INC ,I-200-16210-402082 
DOVER ,NEW HAMPSHIRE ,03820 ,STRAFFORD ,XCHANGING SOLUTIONS (USA) INC ,I-200-16218-058619 
DOVER ,NEW HAMPSHIRE ,03820 ,STRAFFORD ,XCHANGING SOLUTIONS (USA) INC ,I-200-16218-184700 
DOVER ,NEW HAMPSHIRE ,03820 ,STRAFFORD ,XCHANGING SOLUTIONS (USA) INC ,I-200-16217-501040 
DOVER ,NEW HAMPSHIRE ,03820 ,STRAFFORD ,XCHANGING SOLUTIONS (USA) INC ,I-200-16210-444786 
DOVER ,NEW HAMPSHIRE ,03820 ,STRAFFORD ,XCHANGING SOLUTIONS (USA) INC ,I-200-16209-267546 
DOVER ,NEW HAMPSHIRE ,03820 ,STRAFFORD ,XCHANGING SOLUTIONS (USA) INC ,I-200-16208-682608 
DOVER ,NEW HAMPSHIRE ,03820 ,STRAFFORD ,XCHANGING SOLUTIONS (USA) INC ,I-200-16208-276935 
DOVER ,NEW HAMPSHIRE ,03820 ,STRAFFORD ,XCHANGING SOLUTIONS (USA) INC ,I-200-16208-498029 
ALPHARETTA ,GEORGIA ,30005 ,FULTON ,"OBJECT FRONTIER, INC. ",I-200-16344-663758 
ALPHARETTA ,GEORGIA ,30005 ,FULTON ,"OBJECT FRONTIER, INC. ",I-200-16344-623930 
ALPHARETTA ,GEORGIA ,30005 ,FULTON ,"OBJECT FRONTIER, INC. ",I-200-16308-452554 
ALPHARETTA ,GEORGIA ,30005 ,FULTON ,"OBJECT FRONTIER, INC. ",I-200-16307-529265 
ALPHARETTA ,GEORGIA ,30005 ,FULTON ,"OBJECT FRONTIER, INC. ",I-200-16305-581196 
ALPHARETTA ,GEORGIA ,30005 ,FULTON ,"OBJECT FRONTIER, INC. ",I-200-16291-249858 
ALPHARETTA ,GEORGIA ,30005 ,FULTON ,"OBJECT FRONTIER, INC. ",I-200-16291-834266 
ALPHARETTA ,GEORGIA ,30005 ,FULTON ,"OBJECT FRONTIER, INC. ",I-200-16286-731078 
ALPHARETTA ,GEORGIA ,30005 ,FULTON ,"OBJECT FRONTIER, INC. ",I-200-16286-425194 
ALPHARETTA ,GEORGIA ,30005 ,FULTON ,"OBJECT FRONTIER, INC. ",I-200-16270-922529 
CARNEYS POINT ,NEW JERSEY ,08069 ,SALEM ,PANPAC LLC ,I-200-16286-431708 
DALLAS ,TEXAS ,75252 ,COLLIN ,MQR TECHNOLOGIES LLC ,I-200-16337-399357 
NAPERVILLE ,ILLINOIS ,60563 ,DUPAGE ,MQR TECHNOLOGIES LLC ,I-200-16292-110475 
SUNNYVALE ,CALIFORNIA ,94085 ,SANTA CLARA ,MQR TECHNOLOGIES LLC ,I-200-16287-822383 
UNIONTOWN ,PENNSYLVANIA ,15401 ,FAYETTE ,"FAYETTE PHYSICIAN NETWORK, INC. ",I-200-16286-439003 
REDMOND ,WASHINGTON ,98052 ,KING ,"WILDTANGENT, INC. ",I-200-16099-702442 
NEW YORK ,NEW YORK ,10017 ,NEW YORK ,1010DATA SERVICES LLC ,I-200-16328-021142 
NEW YORK ,NEW YORK ,10017 ,NEW YORK ,1010DATA SERVICES LLC ,I-200-16286-447241 
NEW YORK ,NEW YORK ,10017 ,NEW YORK ,1010DATA SERVICES LLC ,I-200-16210-330193 
NEW YORK ,NEW YORK ,10154 ,NEW YORK ,THE BLACKSTONE GROUP ,I-200-16300-826668 
NEW YORK ,NEW YORK ,10154 ,NEW YORK ,THE BLACKSTONE GROUP ,I-200-16188-655536 
NEW YORK ,NEW YORK ,10022 ,NEW YORK ,THE BLACKSTONE GROUP ,I-200-16112-657643 
NEW YORK ,NEW YORK ,10177 ,NEW YORK ,THE BLACKSTONE GROUP ,I-200-16098-245920 
KIRKLAND ,WASHINGTON ,98033 ,KING ,OSLO SOLUTIONS LLC ,I-200-16356-175456 
ISSAQUAH ,WASHINGTON ,98029 ,KING ,OSLO SOLUTIONS LLC ,I-200-16352-977893 
BELLEVUE ,WASHINGTON ,98007 ,KING ,OSLO SOLUTIONS LLC ,I-200-16345-632113 
ISSAQUAH ,WASHINGTON ,98029 ,KING ,OSLO SOLUTIONS LLC ,I-200-16343-517971 
BELLEVUE ,WASHINGTON ,98007 ,KING ,OSLO SOLUTIONS LLC ,I-200-16342-128735 
LEHI ,UTAH ,84043 ,UTAH ,OSLO SOLUTIONS LLC ,I-200-16342-409793 
BELLEVUE ,WASHINGTON ,98007 ,KING ,OSLO SOLUTIONS LLC ,I-200-16308-449295 
BELLEVUE ,WASHINGTON ,98007 ,KING ,OSLO SOLUTIONS LLC ,I-200-16307-984705 
FRISCO ,TEXAS ,75034 ,COLLIN ,OSLO SOLUTIONS LLC ,I-200-16291-100348 
BELLEVUE ,WASHINGTON ,98007 ,KING ,OSLO SOLUTIONS LLC ,I-200-16232-029961 
BELLEVUE ,WASHINGTON ,98007 ,KING ,OSLO SOLUTIONS LLC ,I-200-16207-637044 
BELLEVUE ,WASHINGTON ,98007 ,KING ,OSLO SOLUTIONS LLC ,I-200-16195-530941 
BELLEVUE ,WASHINGTON ,98007 ,KING ,OSLO SOLUTIONS LLC ,I-200-16131-082950 
SAN FRANCISCO ,CALIFORNIA ,94107 ,SAN FRANCISCO ,"HARVEY NASH, INC. ",I-200-16286-464086 
JACKSONVILLE ,FLORIDA ,32226 ,DUVAL ,"SEDGWICK CLAIMS MANAGEMENT SERVICES, INC. ",I-200-16256-289885 
BOULDER ,COLORADO ,80301 ,BOULDER ,"GOLD COAST IT SOLUTIONS, LLC ",I-200-16307-820037 
BOULDER ,COLORADO ,80301 ,BOULDER ,"GOLD COAST IT SOLUTIONS, LLC ",I-200-16299-839845 
BOULDER ,COLORADO ,80301 ,BOULDER ,"GOLD COAST IT SOLUTIONS, LLC ",I-200-16299-692941 
OMAHA ,NEBRASKA ,68131 ,DOUGLAS ,"GOLD COAST IT SOLUTIONS, LLC ",I-200-16286-470690 
OWINGS MILLS ,MARYLAND ,21117 ,BALTIMORE ,"GOLD COAST IT SOLUTIONS, LLC ",I-200-16147-907430 
OWINGS MILLS ,MARYLAND ,21117 ,BALTIMORE ,"GOLD COAST IT SOLUTIONS, LLC ",I-200-16147-884532 
OWINGS MILLS ,MARYLAND ,21117 ,BALTIMORE ,"GOLD COAST IT SOLUTIONS, LLC ",I-200-16137-457444 
BEAVERTON ,OREGON ,97005 ,WASHINGTON ,HITEC INFORMATION & TECHNOLOGIES INC ,I-200-16344-848954 
AUSTIN ,TEXAS ,78758 ,TRAVIS ,HITEC INFORMATION & TECHNOLOGIES INC ,I-200-16322-443213 
SAN ANTONIO ,TEXAS ,78251 ,BEXAR ,HITEC INFORMATION & TECHNOLOGIES INC ,I-200-16307-943748 
ROCKVILLE ,MARYLAND ,20852 ,MONTGOMERY ,HITEC INFORMATION & TECHNOLOGIES INC ,I-200-16286-475074 
WESTON ,FLORIDA ,33326 ,BROWARD ,HITEC INFORMATION & TECHNOLOGIES INC ,I-200-16244-074450 
HERNDON ,VIRGINIA ,20171 ,FAIRFAX ,HITEC INFORMATION & TECHNOLOGIES INC ,I-200-16195-558696 
BLOOMINGTON ,ILLINOIS ,61791 ,MCLEAN ,HITEC INFORMATION & TECHNOLOGIES INC ,I-200-16174-575014 
AUSTIN ,TEXAS ,78728 ,WILLIAMSON ,"REGAL INTERNATIONAL, INC. ",I-200-16336-184212 
MIAMI ,FLORIDA ,33178 ,MIAMI-DADE ,"REGAL INTERNATIONAL, INC. ",I-200-16336-151075 
AUSTIN ,NEW JERSEY ,78728 ,WILLIAMSON ,"REGAL INTERNATIONAL, INC. ",I-200-16335-710305 
WINDSOR ,CONNECTICUT ,06095 ,HARTFORD ,"REGAL INTERNATIONAL, INC. ",I-200-16322-331234 
WEEHAWKEN ,NEW JERSEY ,07086 ,HUDSON ,"REGAL INTERNATIONAL, INC. ",I-200-16288-717823 
COSTA MESA ,NEW JERSEY ,92626 ,ORANGE ,"REGAL INTERNATIONAL, INC. ",I-200-16286-478595 
ENGLEWOOD ,COLORADO ,80112 ,DOUGLAS ,3CUBE SOLUTIONS INC. ,I-200-16288-816448 
ENGLEWOOD ,COLORADO ,80112 ,DOUGLAS ,3CUBE SOLUTIONS INC. ,I-200-16286-480940 
RESTON ,VIRGINIA ,20190 ,FAIRFAX ,"CV, INC ",I-200-16286-484233 
WHITE PLAINS ,NEW YORK ,10606 ,WESTCHESTER ,ADVANCE SOLUTIONS CORPORATION ,I-200-16295-869056 
JERSEY CITY ,NEW JERSEY ,07094 ,HUDSON ,ADVANCE SOLUTIONS CORPORATION ,I-200-16292-684829 
SECAUCUS ,NEW JERSEY ,07094 ,HUDSON ,ADVANCE SOLUTIONS CORPORATION ,I-200-16286-489735 
WHITE PLAINS ,NEW YORK ,10606 ,WESTCHESTER ,ADVANCE SOLUTIONS CORPORATION ,I-200-16286-715924 
MCLEAN ,VIRGINIA ,22102 ,FAIRFAX ,"BDSN INTERNATIONAL, INC ",I-200-16328-713758 
WIXOM ,MICHIGAN ,48393 ,OAKLAND ,"BDSN INTERNATIONAL, INC ",I-200-16327-577692 
WILMINGTON ,DELAWARE ,19805 ,NEW CASTLE ,"BDSN INTERNATIONAL, INC ",I-200-16316-842626 
PHILADELPHIA ,PENNSYLVANIA ,19107 ,PHILADELPHIA ,"BDSN INTERNATIONAL, INC ",I-200-16294-362208 
PHILADELPHIA ,PENNSYLVANIA ,19107 ,PHILADELPHIA ,"BDSN INTERNATIONAL, INC ",I-200-16294-534220 
NEW CENTURY ,KANSAS ,66031 ,JOHNSON ,"BDSN INTERNATIONAL, INC ",I-200-16287-907495 
ANDERSON ,SOUTH CAROLINA ,29621 ,ANDERSON ,"BDSN INTERNATIONAL, INC ",I-200-16286-491335 
ST. LOUIS ,MISSOURI ,63102 ,ST. LOUIS ,NESTLE PURINA PETCARE COMPANY ,I-200-16286-492958 
PLANO ,TEXAS ,75024 ,COLLIN ,MROADS LLC ,I-200-16356-646546 
SOUTHLAKE ,TEXAS ,76092 ,TARRANT ,MROADS LLC ,I-200-16356-556325 
SOUTHLAKE ,TEXAS ,76092 ,TARRANT ,MROADS LLC ,I-200-16356-482754 
SOUTHLAKE ,TEXAS ,76092 ,TARRANT ,MROADS LLC ,I-200-16356-163379 
SOUTHLAKE ,TEXAS ,76092 ,TARRANT ,MROADS LLC ,I-200-16356-096920 
SOUTHLAKE ,TEXAS ,76092 ,TARRANT ,MROADS LLC ,I-200-16356-457501 
SOUTHLAKE ,TEXAS ,76092 ,TARRANT ,MROADS LLC ,I-200-16356-670417 
SOUTHLAKE ,TEXAS ,76092 ,TARRANT ,MROADS LLC ,I-200-16356-975684 
SOUTHLAKE ,TEXAS ,76092 ,TARRANT ,MROADS LLC ,I-200-16356-680017 
SOUTHLAKE ,TEXAS ,76092 ,TARRANT ,MROADS LLC ,I-200-16356-042118 
SOUTHLAKE ,TEXAS ,76092 ,TARRANT ,MROADS LLC ,I-200-16356-098821 
PLANO ,TEXAS ,75024 ,COLLIN ,MROADS LLC ,I-200-16356-093001 
PLANO ,TEXAS ,75024 ,COLLIN ,MROADS LLC ,I-200-16356-603167 
PLANO ,TEXAS ,75024 ,COLLIN ,MROADS LLC ,I-200-16356-752771 
PLANO ,TEXAS ,75024 ,COLLIN ,MROADS LLC ,I-200-16356-312601 
PLANO ,TEXAS ,75024 ,COLLIN ,MROADS LLC ,I-200-16356-925697 
PLANO ,TEXAS ,75024 ,COLLIN ,MROADS LLC ,I-200-16356-785748 
PLANO ,TEXAS ,75024 ,COLLIN ,MROADS LLC ,I-200-16356-623732 
PLANO ,TEXAS ,75024 ,COLLIN ,MROADS LLC ,I-200-16356-608222 
PLANO ,TEXAS ,75024 ,COLLIN ,MROADS LLC ,I-200-16356-831035 
PLANO ,TEXAS ,75024 ,COLLIN ,MROADS LLC ,I-200-16356-015977 
SOUTHLAKE ,TEXAS ,76092 ,TARRANT ,MROADS LLC ,I-200-16286-876845 
SOUTHLAKE ,TEXAS ,76092 ,TARRANT ,MROADS LLC ,I-200-16286-493768 
SOUTHLAKE ,TEXAS ,76092 ,TARRANT ,MROADS LLC ,I-200-16286-660067 
CHESTERFIELD ,MISSOURI ,63017 ,ST. LOUIS ,WIZARDTECHSOLUTIONS INC ,I-200-16312-276430 
GREEN CIRCLE ,COLORADO ,80111 ,GREEN WOOD VILLAGE ,WIZARDTECHSOLUTIONS INC ,I-200-16288-081642 
HAMILTON ,NEW JERSEY ,08691 ,MERCER ,WIZARDTECHSOLUTIONS INC ,I-200-16286-501247 
MORRISVILLE ,NORTH CAROLINA ,27560 ,WAKE ,WIZARDTECHSOLUTIONS INC ,I-200-16267-544532 
MORRISVILLE ,NORTH CAROLINA ,27560 ,WAKE ,WIZARDTECHSOLUTIONS INC ,I-200-16267-672495 
HOUSTON ,TEXAS ,77040 ,HARRIS ,"HOUSTON FRUITLAND, INC. ",I-200-16286-503170 
OAKLAND ,CALIFORNIA ,94612 ,ALAMEDA ,"COMPROBASE, INC ",I-200-16305-033442 
OAKLAND ,CALIFORNIA ,94612 ,ALAMEDA ,"COMPROBASE, INC ",I-200-16286-505083 
WEEHAWKEN ,NEW JERSEY ,07086 ,HUDSON ,UBS BUSINESS SOLUTIONS US LLC ,I-200-16313-044018 
WEEHAWKEN ,NEW JERSEY ,07086 ,HUDSON ,UBS BUSINESS SOLUTIONS US LLC ,I-200-16354-428777 
WEEHAWKEN ,NEW JERSEY ,07086 ,HUDSON ,UBS BUSINESS SOLUTIONS US LLC ,I-200-16350-414764 
NASHVILLE ,TENNESSEE ,37238 ,DAVIDSON ,UBS BUSINESS SOLUTIONS US LLC ,I-200-16348-968274 
WEEHAWKEN ,NEW JERSEY ,07086 ,HUDSON ,UBS BUSINESS SOLUTIONS US LLC ,I-200-16337-420626 
WEEHAWKEN ,NEW JERSEY ,07086 ,HUDSON ,UBS BUSINESS SOLUTIONS US LLC ,I-200-16335-121422 
WEEHAWKEN ,NEW JERSEY ,07086 ,HUDSON ,UBS BUSINESS SOLUTIONS US LLC ,I-200-16309-515920 
NASHVILLE ,TENNESSEE ,37238 ,DAVIDSON ,UBS BUSINESS SOLUTIONS US LLC ,I-200-16319-053099 
NEW YORK ,NEW YORK ,10019 ,NEW YORK ,UBS BUSINESS SOLUTIONS US LLC ,I-200-16321-414239 
NASHVILLE ,TENNESSEE ,37238 ,DAVIDSON ,UBS BUSINESS SOLUTIONS US LLC ,I-200-16320-946563 
WEEHAWKEN ,NEW JERSEY ,07086 ,HUDSON ,UBS BUSINESS SOLUTIONS US LLC ,I-200-16313-459810 
NEW YORK ,NEW YORK ,10019 ,NEW YORK ,UBS BUSINESS SOLUTIONS US LLC ,I-200-16313-130559 
WEEHAWKEN ,NEW JERSEY ,07086 ,HUDSON ,UBS BUSINESS SOLUTIONS US LLC ,I-200-16312-258583 
NEW YORK ,NEW YORK ,10019 ,NEW YORK ,UBS BUSINESS SOLUTIONS US LLC ,I-200-16305-588220 
WEEHAWKEN ,NEW JERSEY ,07086 ,HUDSON ,UBS BUSINESS SOLUTIONS US LLC ,I-200-16302-798609 
NEW YORK ,NEW YORK ,10019 ,NEW YORK ,UBS BUSINESS SOLUTIONS US LLC ,I-200-16302-572588 
CHICAGO ,ILLINOIS ,60606 ,COOK ,UBS BUSINESS SOLUTIONS US LLC ,I-200-16301-565565 
WEEHAWKEN ,NEW JERSEY ,07086 ,HUDSON ,UBS BUSINESS SOLUTIONS US LLC ,I-200-16301-962209 
NASHVILLE ,TENNESSEE ,37328 ,DAVIDSON ,UBS BUSINESS SOLUTIONS US LLC ,I-200-16300-316792 
WEEHAWKEN ,NEW JERSEY ,07086 ,HUDSON ,UBS BUSINESS SOLUTIONS US LLC ,I-200-16286-506161 
URBANDALE ,IOWA ,50322 ,POLK ,SAGE AG INC. ,I-200-16286-507807 
NEW YORK ,NEW YORK ,10119 ,NEW YORK ,N B PLUMBING & HEATING INC ,I-200-16286-507808 
REDWOOD CITY ,CALIFORNIA ,94603 ,SAN MATEO ,"ALOOMA, INC. ",I-200-16328-163750 
REDWOOD CITY ,CALIFORNIA ,94603 ,SAN MATEO ,"ALOOMA, INC. ",I-200-16279-213084 
PALO ALTO ,CALIFORNIA ,94303 ,SANTA CLARA ,"OOMA, INC. ",I-200-16286-508427 
SAN JOSE ,CALIFORNIA ,95138 ,CALIFORNIA ,"TABUCHI ELECTRIC COMPANY OF AMERICA, LIMITED ",I-200-16286-511373 
COALINGA ,CALIFORNIA ,93210 ,FRESNO ,DEPARTMENT OF STATE HOSPITALS - COALINGA ,I-200-16286-534810 
IRVING ,TEXAS ,75038 ,DALLAS ,"YASME SOFT, INC. ",I-200-16351-456958 
IRVING ,TEXAS ,75038 ,DALLAS ,"YASME SOFT, INC. ",I-200-16301-496708 
IRVING ,TEXAS ,75038 ,DALLAS ,"YASME SOFT, INC. ",I-200-16299-482431 
IRVING ,TEXAS ,75038 ,DALLAS ,"YASME SOFT, INC. ",I-200-16193-105984 
WASHINGTON ,DISTRICT OF COLUMBIA ,20007 ,DISTRICT OF COLUMBIA ,SHALOM BARANES ASSOCIATES P.C. ,I-200-16286-538528 
WASHINGTON ,DISTRICT OF COLUMBIA ,20007 ,DISTRICT OF COLUMBIA ,SHALOM BARANES ASSOCIATES P.C. ,I-200-16287-357202 
OVERLAND PARK ,KANSAS ,66213 ,JOHNSON ,ALEXANDER OPEN SYSTEMS INC ,I-200-16344-423750 
OVERLAND PARK ,KANSAS ,66213 ,JOHNSON ,ALEXANDER OPEN SYSTEMS INC ,I-200-16286-544353 
MEMPHIS ,TENNESSEE ,38125 ,SHELBY ,ABSOMAX INC ,I-200-16286-547693 
MEMPHIS ,TENNESSEE ,38125 ,SHELBY ,ABSOMAX INC ,I-200-16286-689715 
NEW YORK ,NEW YORK ,10012 ,NEW YORK ,AIRHELP USA INC ,I-200-16286-555106 
NEW YORK ,NEW YORK ,10018 ,NEW YORK ,MAXIMA APPAREL CORPORATION ,I-200-16301-837594 
NEW YORK ,NEW YORK ,10018 ,NEW YORK ,MAXIMA APPAREL CORPORATION ,I-200-16286-556963 
NEW YORK ,NEW YORK ,10001 ,NEW YORK ,INFOSTRETCH CORPORATION ,I-200-16351-266083 
PASADENA ,CALIFORNIA ,91103 ,LOS ANGELES ,INFOSTRETCH CORPORATION ,I-200-16351-470389 
PLEASANTON ,CALIFORNIA ,94588 ,ALAMEDA ,INFOSTRETCH CORPORATION ,I-200-16328-196179 
PLEASANTON ,CALIFORNIA ,94588 ,ALAMEDA ,INFOSTRETCH CORPORATION ,I-200-16328-500212 
NEW YORK ,NEW YORK ,10020 ,NEW YORK ,INFOSTRETCH CORPORATION ,I-200-16323-978670 
SEATTLE ,WASHINGTON ,98121 ,KING ,INFOSTRETCH CORPORATION ,I-200-16319-633020 
VIENNA ,VIRGINIA ,22182 ,FAIRFAX ,INFOSTRETCH CORPORATION ,I-200-16319-530998 
SAN FRANCISCO ,CALIFORNIA ,94104 ,SAN FRANCISCO ,INFOSTRETCH CORPORATION ,I-200-16308-469076 
PLANO ,TEXAS ,75024 ,COLLIN ,INFOSTRETCH CORPORATION ,I-200-16301-423385 
SAN FRANCISCO ,CALIFORNIA ,94104 ,SAN FRANCISCO ,INFOSTRETCH CORPORATION ,I-200-16286-556980 
PLEASANTON ,CALIFORNIA ,94588 ,ALAMEDA ,INFOSTRETCH CORPORATION ,I-200-16259-219976 
PLEASANTON ,CALIFORNIA ,94588 ,ALAMEDA ,INFOSTRETCH CORPORATION ,I-200-16245-859229 
CHARLOTTE ,NORTH CAROLINA ,28202 ,MECKLENBURG ,INFOSTRETCH CORPORATION ,I-200-16245-166848 
PLEASANTON ,CALIFORNIA ,94588 ,ALAMEDA ,INFOSTRETCH CORPORATION ,I-200-16223-477284 
MILPITAS ,CALIFORNIA ,95035 ,SANTA CLARA ,INFOSTRETCH CORPORATION ,I-200-16221-071857 
PLEASANTON ,CALIFORNIA ,94588 ,ALAMEDA ,INFOSTRETCH CORPORATION ,I-200-16217-685142 
SANTA CLARA ,CALIFORNIA ,95054 ,SANTA CLARA ,INFOSTRETCH CORPORATION ,I-200-16145-780750 
SAN RAFAEL ,CALIFORNIA ,94903 ,MARIN ,SYRINX CONSULTING CORPORATION ,I-200-16286-568891 
NORTH BERGEN ,NEW JERSEY ,07047 ,HUDSON ,SCAFFOLDING TODAY INC ,I-200-16286-571594 
NORTH BILLERICA ,MASSACHUSETTS ,01862 ,MIDDLESEX ,"CURRICULUM ASSOCIATES, LLC ",I-200-16286-572501 
PASADENA ,CALIFORNIA ,91107 ,LOS ANGELES ,PACT PHARMA ,I-200-16286-575181 
PLEASANTON ,CALIFORNIA ,94588 ,ALAMEDA ,"ELLIE MAE, INC. ",I-200-16335-208006 
PLEASANTON ,CALIFORNIA ,94588 ,ALAMEDA ,"ELLIE MAE, INC. ",I-200-16335-256561 
PLEASANTON ,CALIFORNIA ,94588 ,ALAMEDA ,"ELLIE MAE, INC. ",I-200-16335-244567 
PLEASANTON ,CALIFORNIA ,94588 ,ALAMEDA ,"ELLIE MAE, INC. ",I-200-16335-346525 
PLEASANTON ,CALIFORNIA ,94588 ,ALAMEDA ,"ELLIE MAE, INC. ",I-200-16323-549761 
PLEASANTON ,CALIFORNIA ,94588 ,ALAMEDA ,"ELLIE MAE, INC. ",I-200-16315-251335 
PLEASANTON ,CALIFORNIA ,94588 ,ALAMEDA ,"ELLIE MAE, INC. ",I-200-16294-845392 
PLEASANTON ,CALIFORNIA ,94588 ,ALAMEDA ,"ELLIE MAE, INC. ",I-200-16294-516454 
PLEASANTON ,CALIFORNIA ,94588 ,ALAMEDA ,"ELLIE MAE, INC. ",I-200-16294-949954 
PLEASANTON ,CALIFORNIA ,94588 ,ALAMEDA ,"ELLIE MAE, INC. ",I-200-16216-331273 
PLEASANTON ,CALIFORNIA ,94588 ,ALAMEDA ,"ELLIE MAE, INC. ",I-200-16189-292599 
PLEASANTON ,CALIFORNIA ,94588 ,ALAMEDA ,"ELLIE MAE, INC. ",I-200-16130-744283 
NEW YORK ,NEW YORK ,10010 ,NEW YORK ,WILLIAM MORRIS ENDEAVOR ENTERTAINMENT LLC ,I-200-16341-334672 
SAN CARLOS ,CALIFORNIA ,94070 ,SAN MATEO ,MORRISON & FOERSTER LLP ,I-200-16335-295732 
TOWNSON ,MARYLAND ,21286 ,BALTIMORE ,"MORRIS & RITCHIE ASSOCIATES, INC. ",I-200-16313-658789 
MIAMI ,FLORIDA ,33131 ,MIAMI-DADE ,"MORRISON, BROWN, ARGIZ & FARRA, LLC ",I-200-16287-553170 
DALLAS ,TEXAS ,75235 ,DALLAS ,MORRIS & WILLNER PARTNERS INC. ,I-200-16286-587088 
BOSTON ,MASSACHUSETTS ,02110-1724 ,SUFFOLK ,DUANE MORRIS LLP ,I-200-16270-953076 
NEW YORK ,NEW YORK ,10036-4086 ,NEW YORK ,DUANE MORRIS LLP ,I-200-16235-379985 
ALISO VIEJO ,CALIFORNIA ,92698 ,ORANGE ,MORRIS & WILLNER PARTNERS INC. ,I-200-16235-976191 
NEW YORK ,NEW YORK ,10036-4086 ,NEW YORK ,DUANE MORRIS LLP ,I-200-16223-494587 
IRVINE ,CALIFORNIA ,92606 ,ORANGE ,MORRIS & WILLNER PARTNERS INC. ,I-200-16211-680031 
GREENWICH ,CONNECTICUT ,06830 ,FAIRFIELD ,BETTERIDGE JEWELERS INC. ,I-200-16286-587837 
SEATTLE ,WASHINGTON ,98122 ,KING ,PACIFIC NORTHWEST RESEARCH INSTITUTE ,I-200-16286-594744 
NEW YORK ,NEW YORK ,10012 ,NEW YORK ,MONET ENGINE INC. ,I-200-16286-596327 
NEWPORT BEACH ,CALIFORNIA ,92660 ,ORANGE ,"DW DEVELOPMENT, INC. ",I-200-16286-598757 
FRISCO ,TEXAS ,75034 ,DENTON ,"PRODIGY TECHNOLOGIES, INC. ",I-200-16355-867601 
FRISCO ,TEXAS ,75034 ,DENTON ,"PRODIGY TECHNOLOGIES, INC. ",I-200-16322-194376 
FRISCO ,TEXAS ,75034 ,DENTON ,"PRODIGY TECHNOLOGIES, INC. ",I-200-16299-407820 
FRISCO ,TEXAS ,75034 ,DENTON ,"PRODIGY TECHNOLOGIES, INC. ",I-200-16286-598826 
NEW YORK ,NEW YORK ,10019 ,NEW YORK ,"PAUL, WEISS, RIFKIND, WHARTON & GARRISON LLP ",I-200-16286-604151 
ONTARIO ,CALIFORNIA ,91764 ,SAN BERNARDINO ,"RAIL SURVEYORS AND ENGINEERS, INC. ",I-200-16286-607567 
PISCATAWAY TOWNSHIP ,NEW JERSEY ,08854 ,MIDDLESEX ,"GLOBAL INFORMATION TECHNOLOGY, INC ",I-200-16364-052455 
WARREN ,NEW JERSEY ,07059 ,SOMERSET ,CITADEL INFORMATION SERVICES INC. ,I-200-16364-827355 
ATLANTA ,GEORGIA ,30339 ,COBB ,CAUTELA INSTITUTE OF INFORMATICS AND TECHNOLOGY INC. ,I-200-16359-767470 
EXTON ,PENNSYLVANIA ,19380 ,CHESTER ,"AQUA INFORMATION SYSTEMS, INC. ",I-200-16358-653340 
DUBLIN ,OHIO ,43017 ,FRANKLIN ,"INFORMATION CONTROL COMPANY, LCC ",I-200-16357-149445 
COLUMBUS ,OHIO ,43215 ,FRANKLIN ,"INFORMATION CONTROL COMPANY, LCC ",I-200-16357-312220 
COLUMBUS ,OHIO ,43215 ,FRANKLIN ,"INFORMATION CONTROL COMPANY, LCC ",I-200-16357-632706 
COLUMBUS ,OHIO ,43215 ,FRANKLIN ,"INFORMATION CONTROL COMPANY, LCC ",I-200-16357-920301 
REDWOOD CITY ,CALIFORNIA ,94063 ,SAN MATEO ,INFORMATICA LLC ,I-200-16356-273467 
DULUTH ,GEORGIA ,30097 ,GWINNETT ,"ALLIED INFORMATICS, INC ",I-200-16356-119787 
DULUTH ,GEORGIA ,30097 ,GWINNETT ,"ALLIED INFORMATICS, INC ",I-200-16356-701941 
RESTON ,VIRGINIA ,20191 ,FAIRFAX ,ARTECH INFORMATION SYSTEMS LLC ,I-200-16355-018918 
RESTON ,VIRGINIA ,20191 ,FAIRFAX ,ARTECH INFORMATION SYSTEMS LLC ,I-200-16355-825051 
SHELTON ,CONNECTICUT ,06484 ,FAIRFIELD ,INFORMATIC TECHNOLOGIES INC ,I-200-16355-078162 
CHICAGO ,ILLINOIS ,60654 ,COOK ,"INNOVATIVE INFORMATION TECHNOLOGIES,INC ",I-200-16355-905898 
ATLANTA ,GEORGIA ,30339 ,FULTON ,IQUADRA INFORMATION SERVICES LLC ,I-200-16354-878816 
CUMMING ,GEORGIA ,30040 ,FORSYTH ,"INFORMATION RESOURCES, INC. ",I-200-16349-711544 
ALPHARETTA ,GEORGIA ,30005 ,FULTON ,"DELTA INFORMATION SYSTEMS, INC ",I-200-16350-483998 
LOUISVILLE ,KENTUCKY ,40299 ,JEFFERSON ,AMERICAN INFORMATION TECHNOLOGY CORPORATION ,I-200-16349-694051 
WALNUT CREEK ,CALIFORNIA ,94598 ,CONTRA COSTA ,TRANS AMERICAN INFORMATION SYSTEMS INC ,I-200-16349-115631 
TALLAHASSEE ,FLORIDA ,32308 ,LEON ,"GLOBAL INFORMATION SERVICES, INC. ",I-200-16348-528729 
DALLAS ,TEXAS ,75254 ,DALLAS ,TRANS AMERICAN INFORMATION SYSTEMS INC ,I-200-16348-184210 
HOUSTON ,TEXAS ,77074 ,HARRIS ,PRINCIPLE INFORMATION TECHNOLOGY COMPANY ,I-200-16348-676825 
LONG BEACH ,CALIFORNIA ,90012 ,LOS ANGELES ,"INNOVATIVE INFORMATION TECHNOLOGIES,INC ",I-200-16348-187776 
CHEVY CHASE ,MARYLAND ,20815 ,MONTGOMERY ,"INNOVATIVE INFORMATION TECHNOLOGIES,INC ",I-200-16348-604945 
CHARLOTTE ,NORTH CAROLINA ,28269 ,MECKLENBURG ,INFORMATICA LLC ,I-200-16345-837587 
DALLAS ,TEXAS ,75254 ,DALLAS ,TRANS AMERICAN INFORMATION SYSTEMS INC ,I-200-16347-671497 
COLUMBUS ,OHIO ,43231 ,FRANKLIN ,INFORMATION CONTROL COMPANY LLC ,I-200-16343-588613 
RICHMOND ,VIRGINIA ,23219 ,RICHMOND CITY ,"COSTAR REALTY INFORMATION, INC. ",I-200-16343-958143 
ROCKVILLE ,MARYLAND ,20850 ,MONTGOMERY ,INFORMATION INNOVATORS INC. ,I-200-16272-546152 
MONMOUTH ,NEW JERSEY ,08852 ,MIDDLESEX ,"INNOVATIVE INFORMATION TECHNOLOGIES,INC ",I-200-16341-119755 
LAKE FOREST ,ILLINOIS ,60045 ,LAKE ,"SAMEPAGE INFORMATION SOLUTIONS, INC ",I-200-16343-215559 
DULUTH ,GEORGIA ,30097 ,GWINNETT ,"ALLIED INFORMATICS, INC ",I-200-16343-148040 
HOUSTON ,TEXAS ,77074 ,HARRIS ,PRINCIPLE INFORMATION TECHNOLOGY COMPANY ,I-200-16341-241636 
BOTHELL ,WASHINGTON ,98021 ,SNOHOMISH ,CITADEL INFORMATION SERVICES INC. ,I-200-16339-847113 
AUSTIN ,TEXAS ,78750 ,TRAVIS ,INFORMATICA LLC ,I-200-16337-309343 
ATLANTA ,GEORGIA ,30308 ,FULTON COUNTY ,SPAR INFORMATION SYSTEMS LLC ,I-200-16340-812195 
ALPHARETTA ,GEORGIA ,30005 ,FULTON ,"DELTA INFORMATION SYSTEMS, INC ",I-200-16340-380217 
ALPHARETTA ,GEORGIA ,30005 ,FULTON ,"DELTA INFORMATION SYSTEMS, INC ",I-200-16340-552964 
AUBURN HILLS ,MICHIGAN ,48326 ,OAKLAND ,CITADEL INFORMATION SERVICES INC. ,I-200-16339-919750 
SAN JOSE ,CALIFORNIA ,95134 ,SANTA CLARA ,ALLIANCE INFORMATION TECHNOLOGY AND COMPUTER SOFTWARE SOLUTIONS INC. ,I-200-16337-300497 
PLANO ,TEXAS ,75093 ,COLLIN ,VINSYS INFORMATION TECHNOLOGY INC ,I-200-16337-701604 
PARSIPPANY-TROY HILLS ,NEW JERSEY ,07054 ,MORRIS ,"RESOURCE INFORMATICS GROUP, INC. ",I-200-16337-134315 
HOUSTON ,TEXAS ,77074 ,HARRIS ,PRINCIPLE INFORMATION TECHNOLOGY COMPANY ,I-200-16337-207678 
HOUSTON ,TEXAS ,77074 ,HARRIS ,PRINCIPLE INFORMATION TECHNOLOGY COMPANY ,I-200-16337-538737 
HOUSTON ,TEXAS ,77074 ,HARRIS ,PRINCIPLE INFORMATION TECHNOLOGY COMPANY ,I-200-16337-438146 
HOUSTON ,TEXAS ,77074 ,HARRIS ,PRINCIPLE INFORMATION TECHNOLOGY COMPANY ,I-200-16337-240168 
HOUSTON ,TEXAS ,77074 ,HARRIS ,PRINCIPLE INFORMATION TECHNOLOGY COMPANY ,I-200-16337-599535 
MARYLAND HEIGHTS ,MISSOURI ,63043 ,ST LOUIS ,XAVIENT INFORMATION SYSTEMS INC. ,I-200-16337-781044 
MIAMI ,FLORIDA ,33127 ,MIAMI-DADE ,"CUSTOM INFORMATION SERVICES, INC. ",I-200-16336-363038 
BOSTON ,MASSACHUSETTS ,02110 ,SUFFOLK ,"KENSINGTON INFORMATION GROUP, INC. ",I-200-16336-934573 
ENGLEWOOD ,COLORADO ,80112 ,ARAPAHOE ,XAVIENT INFORMATION SYSTEMS INC. ,I-200-16336-806495 
ATLANTA ,GEORGIA ,30339 ,COBB ,XAVIENT INFORMATION SYSTEMS INC. ,I-200-16336-666769 
ALPHARETTA ,GEORGIA ,30005 ,FULTON ,"DELTA INFORMATION SYSTEMS, INC ",I-200-16336-886656 
DOVER ,NEW HAMPSHIRE ,75038 ,STRAFFORD ,INFORMATICA LLC ,I-200-16335-998876 
MCLEAN ,VIRGINIA ,22102 ,FAIRFAX ,"AETEA INFORMATION TECHNOLOGY, INC. ",I-200-16335-868714 
DULUTH ,GEORGIA ,30097 ,GWINNETT ,"ALLIED INFORMATICS, INC ",I-200-16335-035916 
SAN JOSE ,CALIFORNIA ,95134 ,SANTA CLARA ,"CHARVI INFORMATION TECHNOLOGIES, INC ",I-200-16334-981787 
MALVERN ,PENNSYLVANIA ,19355 ,CHESTER ,CHAGS HEALTH INFORMATION TECHNOLOGY LLC ,I-200-16334-985614 
DIAMOND BAR ,CALIFORNIA ,91765 ,LOS ANGELES ,CHAGS HEALTH INFORMATION TECHNOLOGY LLC ,I-200-16334-449892 
ALPHARETTA ,GEORGIA ,30005 ,GEORGIA ,DELTA INFORMATION SYSTEMS INC. ,I-200-16334-428405 
COLUMBUS ,OHIO ,43231 ,FRANKLIN ,INFORMATION CONTROL COMPANY LLC ,I-200-16333-208137 
COLUMBUS ,OHIO ,43231 ,FRANKLIN ,INFORMATION CONTROL COMPANY LLC ,I-200-16333-963451 
MARYLAND HEIGHTS ,MISSOURI ,63043 ,ST LOUIS ,XAVIENT INFORMATION SYSTEMS INC. ,I-200-16333-546943 
NASHVILLE ,TENNESSEE ,37214 ,DAVIDSON ,AMERICAN INFORMATION TECHNOLOGY CORPORATION ,I-200-16333-326019 
ENGLEWOOD ,COLORADO ,80112 ,ARAPAHOE ,XAVIENT INFORMATION SYSTEMS INC. ,I-200-16333-439112 
TALLAHASSEE ,FLORIDA ,32301 ,LEON ,"KENSINGTON INFORMATION GROUP, INC. ",I-200-16333-372533 
HARRISBURG ,PENNSYLVANIA ,17120 ,DAUPHIN ,"KENSINGTON INFORMATION GROUP, INC. ",I-200-16333-382783 
WESTLAKE VILLAGE ,CALIFORNIA ,91362 ,VENTURA ,"RESOURCE AMERICA INFORMATION TECHNOLOGY, INC. ",I-200-16328-622327 
SAN FRANCISCO ,CALIFORNIA ,94107 ,SAN FRANCISCO ,"INFORMED, INC. ",I-200-16321-185941 
CHICAGO ,ILLINOIS ,60603 ,COOK ,AK INFORMATION TECHNOLOGIES INC ,I-200-16327-386822 
EDISON ,NEW JERSEY ,08817 ,MIDDLESEX ,SLIQ INFORMATION TECHNOLOGIES INC. ,I-200-16327-812230 
ST. PAUL ,MINNESOTA ,55101 ,RAMSEY ,SLIQ INFORMATION TECHNOLOGIES INC. ,I-200-16327-384946 
ST. PAUL ,MINNESOTA ,55101 ,RAMSEY ,SLIQ INFORMATION TECHNOLOGIES INC. ,I-200-16327-198853 
EDISON ,NEW JERSEY ,08817 ,MIDDLESEX ,SLIQ INFORMATION TECHNOLOGIES INC. ,I-200-16327-239973 
EDISON ,NEW JERSEY ,08817 ,MIDDLESEX ,SLIQ INFORMATION TECHNOLOGIES INC. ,I-200-16327-982522 
LAFAYETTE ,LOUISIANA ,70506 ,LAFAYETTE ,CHAGS HEALTH INFORMATION TECHNOLOGY LLC ,I-200-16327-948552 
REDWOOD CITY ,CALIFORNIA ,94063 ,SAN MATEO ,INFORMATICA LLC ,I-200-16322-630537 
ROCKVILLE ,MARYLAND ,20852 ,MONTGOMERY ,"WISTERIA INFORMATION TECHNOLOGIES, LLC ",I-200-16327-258321 
ANN ARBOR ,MICHIGAN ,48105 ,WASHTENAW ,"GLOBAL INFORMATION TECHNOLOGY, INC ",I-200-16326-449230 
JEFFERSON CITY ,MISSOURI ,65109 ,COLE ,"INFORMATION RESOURCE GROUP, INC. ",I-200-16326-237529 
RESTON ,VIRGINIA ,20191 ,FAIRFAX ,VINSYS INFORMATION TECHNOLOGY INC ,I-200-16325-066443 
RESTON ,VIRGINIA ,20191 ,FAIRFAX ,VINSYS INFORMATION TECHNOLOGY INC ,I-200-16325-179122 
PHILADELPHIA ,PENNSYLVANIA ,19103 ,PHILADELPHIA ,XAVIENT INFORMATION SYSTEMS INC. ,I-200-16323-290562 
TALLAHASSEE ,FLORIDA ,32308 ,LEON ,"SANROSE INFORMATION SERVICES, INC. ",I-200-16323-818787 
COLUMBUS ,OHIO ,43215 ,FRANKLIN ,"INFORMATION CONTROL COMPANY, LCC ",I-200-16322-930513 
COLUMBUS ,OHIO ,43215 ,FRANKLIN ,"INFORMATION CONTROL COMPANY, LCC ",I-200-16322-923970 
COLUMBUS ,OHIO ,43235 ,FRANKLIN ,"INFORMATION CONTROL COMPANY, LCC ",I-200-16322-186367 
COLUMBUS ,OHIO ,43231 ,FRANKLIN ,INFORMATION CONTROL COMPANY LLC ,I-200-16322-695739 
POWELL ,OHIO ,43065 ,FRANKLIN ,"INFORMATION CONTROL COMPANY, LCC ",I-200-16322-881091 
O'FALLON ,MISSOURI ,63368 ,SAINT CHARLES ,ARTECH INFORMATION SYSTEMS LLC ,I-200-16322-511020 
PHILADELPHIA ,PENNSYLVANIA ,19103 ,PHILADELPHIA ,XAVIENT INFORMATION SYSTEMS INC. ,I-200-16321-630000 
WASHINGTON DC ,DISTRICT OF COLUMBIA ,20024 ,DISTRICT OF COLUMBIA ,"CORE INFORMATION TECHNOLOGY SOLUTIONS, INC. ",I-200-16321-288026 
BIRMINGHAM ,MICHIGAN ,48009 ,OAKLAND ,"VISION INFORMATION TECHNOLOGIES, INC. ",I-200-16321-938097 
SOUTHFIELD ,MICHIGAN ,48076 ,OAKLAND ,"VISION INFORMATION TECHNOLOGIES, INC. ",I-200-16321-899337 
DULUTH ,GEORGIA ,30097 ,GWINNETT ,"ALLIED INFORMATICS, INC ",I-200-16321-006632 
ATLANTA ,GEORGIA ,30326 ,FULTON ,"COSTAR REALTY INFORMATION, INC. ",I-200-16316-920185 
CHICAGO ,ILLINOIS ,60654 ,COOK ,CCC INFORMATION SERVICES INC. ,I-200-16320-813543 
PLAINSBORO ,NEW JERSEY ,08536 ,MIDDLESEX ,"SMART INFORMATION MANAGEMENT SYSTEMS, INC. ",I-200-16307-269021 
WALNUT CREEK ,CALIFORNIA ,94598 ,CONTRA COSTA ,TRANS AMERICAN INFORMATION SYSTEMS INC ,I-200-16320-672533 
CHICAGO ,ILLINOIS ,60606 ,COOK ,"RESOURCE INFORMATICS GROUP, INC. ",I-200-16320-907815 
CHICAGO ,ILLINOIS ,60654 ,COOK ,"KENSINGTON INFORMATION GROUP, INC. ",I-200-16320-237325 
LAWRENCE TOWNSHIP ,NEW JERSEY ,08648 ,MERCER ,RADIANCE INFORMATIONS LLC ,I-200-16320-392770 
TALLAHASSEE ,FLORIDA ,32399 ,LEON ,KIP INFORMATION TECHNOLOGIES INC ,I-200-16319-707052 
DULUTH ,GEORGIA ,30097 ,GWINNETT ,"ALLIED INFORMATICS, INC ",I-200-16319-733870 
LOS ANGELES ,CALIFORNIA ,90017 ,LOS ANGELES ,"COSTAR REALTY INFORMATION, INC. ",I-200-16312-968297 
PHILADELPHIA ,PENNSYLVANIA ,19103 ,PHILADELPHIA ,XAVIENT INFORMATION SYSTEMS INC. ,I-200-16319-342612 
EDISON ,NEW JERSEY ,08817 ,MIDDLESEX ,SLIQ INFORMATION TECHNOLOGIES INC. ,I-200-16316-474223 
DULUTH ,GEORGIA ,30097 ,GWINNETT ,"ALLIED INFORMATICS, INC ",I-200-16316-825695 
CHICAGO ,ILLINOIS ,60654 ,COOK ,CCC INFORMATION SERVICES INC. ,I-200-16315-474477 
COLUMBUS ,OHIO ,43231 ,FRANKLIN ,INFORMATION CONTROL COMPANY LLC ,I-200-16315-084119 
PLANO ,TEXAS ,75024 ,COLLIN ,"GLOBAL INFORMATION TECHNOLOGY, INC., ",I-200-16315-562033 
OAKLAND ,CALIFORNIA ,94612 ,ALAMEDA ,AMERICAN INFORMATION TECHNOLOGY CORPORATION ,I-200-16315-878944 
MONTEREY PARK ,CALIFORNIA ,91755 ,LOS ANGELES ,XAVIENT INFORMATION SYSTEMS INC. ,I-200-16315-619197 
ALPHARETTA ,GEORGIA ,30005 ,GEORGIA ,DELTA INFORMATION SYSTEMS INC. ,I-200-16315-229093 
IRVING ,TEXAS ,75039 ,DALLAS ,"PRINCETON INFORMATION, LTD. ",I-200-16313-331771 
AUSTIN ,TEXAS ,78704 ,TRAVIS ,KIP INFORMATION TECHNOLOGIES INC ,I-200-16314-941782 
AUSTIN ,TEXAS ,78726 ,TRAVIS ,CHAGS HEALTH INFORMATION TECHNOLOGY LLC ,I-200-16313-732745 
INDIANAPOLIS ,INDIANA ,46204 ,MARION ,"RESOURCE AMERICA INFORMATION TECHNOLOGY, INC. ",I-200-16313-937309 
BETHESDA ,MARYLAND ,20815 ,MONTGOMERY ,AXLE INFORMATICS LLC ,I-200-16313-880329 
FRANKLIN ,TENNESSEE ,37067 ,WIILIAMSON ,"KENSINGTON INFORMATION GROUP, INC. ",I-200-16313-470281 
MONTEREY PARK ,CALIFORNIA ,91755 ,LOS ANGELES ,XAVIENT INFORMATION SYSTEMS INC. ,I-200-16313-371702 
TROY ,MICHIGAN ,48084 ,OAKLAND ,"VINFORMAX SYSTEMS, INC. ",I-200-16312-392064 
TOWSON ,MARYLAND ,21204 ,BALTIMORE ,"VINSYS INFORMATION TECHNOLOGY, INC. ",I-200-16312-206414 
PLEASANTON ,CALIFORNIA ,94588 ,ALAMEDA ,TRANS AMERICAN INFORMATION SYSTEMS INC ,I-200-16312-874348 
COLUMBUS ,OHIO ,43231 ,FRANKLIN ,INFORMATION CONTROL COMPANY LLC ,I-200-16312-094378 
GLENDALE ,ARIZONA ,85305 ,MARICOPA ,"JM INFORMATION SYSTEMS, LLC ",I-200-16312-161625 
IRVING ,TEXAS ,75063 ,DALLAS ,"JM INFORMATION SYSTEMS, LLC ",I-200-16312-628679 
YONKERS ,NEW YORK ,10701 ,WESTCHESTER ,MONTEFIORE INFORMATION TECHNOLOGY ,I-200-16308-706962 
DOVER ,NEW HAMPSHIRE ,03820 ,STRAFFORD ,INFORMATICA LLC ,I-200-16308-806251 
IRVING ,TEXAS ,75039 ,DALLAS ,ARTECH INFORMATION SYSTEMS LLC ,I-200-16312-075220 
IRVING ,TEXAS ,75039 ,DALLAS ,ARTECH INFORMATION SYSTEMS LLC ,I-200-16312-202157 
RESTON ,VIRGINIA ,20191 ,FAIRFAX ,VINSYS INFORMATION TECHNOLOGY INC ,I-200-16310-433922 
NEENAH ,WISCONSIN ,54956 ,WINNEBAGO ,"ADAM INFORMATION TECHNOLOGIES, LLC ",I-200-16309-486008 
PLEASANTON ,CALIFORNIA ,94588 ,ALAMEDA ,TRANS AMERICAN INFORMATION SYSTEMS INC ,I-200-16309-605851 
FOSTER CITY ,CALIFORNIA ,94404 ,SAN MATEO ,XAVIENT INFORMATION SYSTEMS INC. ,I-200-16309-997359 
REDMOND ,WASHINGTON ,98052 ,KING ,MANASI INFORMATION TECHNOLOGIES INC ,I-200-16309-872959 
ARLINGTON ,VIRGINIA ,22209 ,ARLINGTON ,SUNRAY INFORMATICS INC. ,I-200-16309-114279 
TALLAHASSEE ,FLORIDA ,32399 ,LEON ,CREATIVE INFORMATION TECHNOLOGY INC. ,I-200-16309-128381 
MONTEREY PARK ,CALIFORNIA ,91755 ,LOS ANGELES ,XAVIENT INFORMATION SYSTEMS INC. ,I-200-16309-715773 
ATLANTA ,GEORGIA ,30346 ,DEKALB ,XAVIENT INFORMATION SYSTEMS INC. ,I-200-16307-917023 
BENSALEM ,PENNSYLVANIA ,19020 ,BUCKS ,CREATIVE INFORMATION TECHNOLOGY INC. ,I-200-16308-096934 
DULUTH ,GEORGIA ,30097 ,GWINNETT ,"ALLIED INFORMATICS, INC ",I-200-16308-052420 
IRVING ,TEXAS ,75063 ,DALLAS ,AMERICAN INFORMATION TECHNOLOGY CORPORATION ,I-200-16308-659509 
SAN FRANCISCO ,CALIFORNIA ,94117 ,SAN FRANCISCO ,AMERICAN INFORMATION TECHNOLOGY CORPORATION ,I-200-16308-042224 
ALPHARETTA ,GEORGIA ,30005 ,FULTON ,"DELTA INFORMATION SYSTEMS, INC ",I-200-16308-001646 
MONTEREY PARK ,CALIFORNIA ,91755 ,LOS ANGELES ,XAVIENT INFORMATION SYSTEMS INC. ,I-200-16308-161691 
COLUMBUS ,OHIO ,43231 ,FRANKLIN ,INFORMATION CONTROL COMPANY LLC ,I-200-16306-006101 
LONG BEACH ,CALIFORNIA ,90802 ,LOS ANGELES ,"KENSINGTON INFORMATION GROUP, INC. ",I-200-16307-019168 
SANTA CLARA ,CALIFORNIA ,95051 ,SANTA CLARA ,ARTECH INFORMATION SYSTEMS LLC ,I-200-16307-179327 
WASHINGTON ,DISTRICT OF COLUMBIA ,20005 ,WASHINGTON ,"COSTAR REALTY INFORMATION, INC. ",I-200-16302-688435 
BETHESDA ,MARYLAND ,20892 ,MONTGOMERY ,AXLE INFORMATICS LLC ,I-200-16307-614550 
PHILADELPHIA ,PENNSYLVANIA ,19103 ,PHILADELPHIA ,XAVIENT INFORMATION SYSTEMS INC. ,I-200-16306-744365 
AUSTIN ,TEXAS ,78759 ,TRAVIS ,CCC INFORMATION SERVICES INC. ,I-200-16306-432865 
AUSTIN ,TEXAS ,78759 ,TRAVIS ,CCC INFORMATION SERVICES INC. ,I-200-16306-443146 
NORFOLK ,VIRGINIA ,23502 ,NORFOLK CITY ,"KENSINGTON INFORMATION GROUP, INC. ",I-200-16306-521325 
THORNTON ,COLORADO ,80602 ,ADAMS ,"ADAM INFORMATION TECHNOLOGIES, LLC ",I-200-16305-365446 
COLUMBUS ,OHIO ,43231 ,FRANKLIN ,INFORMATION CONTROL COMPANY LLC ,I-200-16302-262992 
CONCORD ,CALIFORNIA ,94520 ,CONTRA COSTA ,ARTECH INFORMATION SYSTEMS LLC ,I-200-16305-916606 
WOODBRIDGE ,NEW JERSEY ,07095 ,MIDDLESEX ,"MOL INFORMATION TECHNOLOGY AMERICA, INC. ",I-200-16305-667928 
DUBLIN ,OHIO ,43017 ,FRANKLIN ,"INNOVATIVE INFORMATION TECHNOLOGIES,INC ",I-200-16305-331071 
CONCORD ,CALIFORNIA ,94520 ,CONTRA COSTA ,ARTECH INFORMATION SYSTEMS LLC ,I-200-16305-510899 
SANTA CLARA ,CALIFORNIA ,95051 ,SANTA CLARA ,ARTECH INFORMATION SYSTEMS LLC ,I-200-16305-020968 
ALPHARETTA ,GEORGIA ,30005 ,FULTON ,"DELTA INFORMATION SYSTEMS, INC ",I-200-16305-176368 
PLANO ,TEXAS ,75024 ,COLLIN ,"GLOBAL INFORMATION TECHNOLOGY, INC., ",I-200-16302-357952 
COLUMBUS ,OHIO ,43231 ,FRANKLIN ,INFORMATION CONTROL COMPANY LLC ,I-200-16302-895557 
WILMINGTON ,DELAWARE ,19801 ,NEW CASTLE ,"AETEA INFORMATION TECHNOLOGY, INC. ",I-200-16302-868566 
AUSTIN ,TEXAS ,78703 ,TRAVIS ,"RESOURCE INFORMATICS GROUP, INC. ",I-200-16301-997236 
AMERICAN FORK ,UTAH ,84003 ,UTAH ,XAVIENT INFORMATION SYSTEMS INC. ,I-200-16301-900932 
AMERICAN FORK ,UTAH ,84003 ,UTAH ,XAVIENT INFORMATION SYSTEMS INC. ,I-200-16301-878665 
PHILADELPHIA ,PENNSYLVANIA ,19103 ,PHILADELPHIA ,XAVIENT INFORMATION SYSTEMS INC. ,I-200-16301-684656 
PHILADELPHIA ,PENNSYLVANIA ,19103 ,PHILADELPHIA ,XAVIENT INFORMATION SYSTEMS INC. ,I-200-16301-050294 
RESTON ,VIRGINIA ,20191 ,FAIRFAX ,AMERICAN INFORMATION TECHNOLOGY CORPORATION ,I-200-16301-582027 
MORRISVILLE ,NORTH CAROLINA ,27560 ,WAKE ,"INNOVATIVE INFORMATION TECHNOLOGIES,INC ",I-200-16301-358823 
NEW YORK ,NEW YORK ,10038 ,NEW YORK ,CITADEL INFORMATION SERVICES INC. ,I-200-16301-541067 
CONCORD ,NORTH CAROLINA ,28027 ,CABARRUS ,"ENVISAGE INFORMATION SYSTEMS, LLC ",I-200-16299-635818 
CHICAGO ,ILLINOIS ,60661 ,COOK ,"INFORMATION RESOURCES, INC. ",I-200-16301-271104 
BALTIMORE ,MARYLAND ,21230 ,BALTIMORE ,MANASI INFORMATION TECHNOLOGIES INC ,I-200-16301-417339 
BIRMINGHAM ,ALABAMA ,35211 ,JEFFERSON ,"AK INFORMATION TECHNOLOGIES, INC. ",I-200-16300-424275 
WASHINGTON ,DISTRICT OF COLUMBIA ,20005 ,WASHINGTON ,"COSTAR REALTY INFORMATION, INC. ",I-200-16299-045643 
TAMPA ,FLORIDA ,33634 ,HILLSBOROUGH ,AMERICAN INFORMATION TECHNOLOGY CORPORATION ,I-200-16300-559057 
SAINT PETERS ,MISSOURI ,63376 ,ST. CHARLES ,AMERICAN INFORMATION TECHNOLOGY CORPORATION ,I-200-16300-613035 
CONCORD ,NORTH CAROLINA ,28027 ,CABARRUS ,"ENVISAGE INFORMATION SYSTEMS, LLC ",I-200-16300-392527 
CHICAGO ,ILLINOIS ,60661 ,COOK ,"INFORMATION RESOURCES, INC. ",I-200-16300-339803 
FLORHAM PARK ,NEW JERSEY ,07932 ,MORRIS ,"INFORMATION RESOURCES, INC. ",I-200-16300-077826 
DULUTH ,GEORGIA ,30097 ,GWINNETT ,"ALLIED INFORMATICS, INC ",I-200-16300-609593 
SAN FRANCISCO ,CALIFORNIA ,94105 ,SAN FRANCISCO ,ARTECH INFORMATION SYSTEMS LLC ,I-200-16300-360159 
WASHINGTON ,DISTRICT OF COLUMBIA ,20210 ,DISTRICT OF COLUMBIA ,SUNRAY INFORMATICS INC. ,I-200-16299-399858 
CHICAGO ,ILLINOIS ,60654 ,COOK ,CCC INFORMATION SERVICES INC. ,I-200-16299-049839 
CHICAGO ,ILLINOIS ,60654 ,COOK ,CCC INFORMATION SERVICES INC. ,I-200-16299-525980 
BOTHELL ,WASHINGTON ,98021 ,SNOHOMISH ,XAVIENT INFORMATION SYSTEMS INC. ,I-200-16299-284205 
RALEIGH ,NORTH CAROLINA ,27603 ,WAKE ,"AK INFORMATION TECHNOLOGIES, INC. ",I-200-16299-217553 
SCOTTSDALE ,ARIZONA ,85254 ,MARICOPA ,CITADEL INFORMATION SERVICES INC. ,I-200-16299-493515 
KATY ,TEXAS ,77493 ,HARRIS ,"AK INFORMATION TECHNOLOGIES, INC. ",I-200-16299-355804 
BRIDGEWATER ,NEW JERSEY ,08807 ,SOMERSET ,INFORMATIC TECHNOLOGIES INC ,I-200-16299-992689 
WASHINGTON ,DISTRICT OF COLUMBIA ,20005 ,WASHINGTON ,"COSTAR REALTY INFORMATION, INC. ",I-200-16295-859387 
PHILADELPHIA ,PENNSYLVANIA ,19103 ,PHILADELPHIA ,XAVIENT INFORMATION SYSTEMS INC. ,I-200-16299-193950 
PHILADELPHIA ,PENNSYLVANIA ,19103 ,PHILADELPHIA ,XAVIENT INFORMATION SYSTEMS INC. ,I-200-16299-538144 
WILMINGTON ,DELAWARE ,19801 ,NEW CASTLE ,"AETEA INFORMATION TECHNOLOGY, INC. ",I-200-16299-665051 
COLUMBUS ,OHIO ,43231 ,FRANKLIN ,INFORMATION CONTROL COMPANY LLC ,I-200-16295-102640 
COLUMBUS ,OHIO ,43231 ,FRANKLIN ,INFORMATION CONTROL COMPANY LLC ,I-200-16295-909139 
AMERICAN FORK ,UTAH ,84003 ,UTAH ,XAVIENT INFORMATION SYSTEMS INC. ,I-200-16298-361214 
AMERICAN FORK ,UTAH ,84003 ,UTAH ,XAVIENT INFORMATION SYSTEMS INC. ,I-200-16298-069405 
BOTHELL ,WASHINGTON ,98021 ,SNOHOMISH ,XAVIENT INFORMATION SYSTEMS INC. ,I-200-16298-213321 
ALPHARETTA ,GEORGIA ,30005 ,FULTON ,"DELTA INFORMATION SYSTEMS, INC ",I-200-16298-378886 
DULUTH ,GEORGIA ,30097 ,GWINNETT ,"ALLIED INFORMATICS, INC ",I-200-16298-703947 
SUNNYVALE ,CALIFORNIA ,94085 ,SANTA CLARA ,ALLIANCE INFORMATION TECHNOLOGY AND COMPUTER SOFTWARE SOLUTIONS INC. ,I-200-16295-301168 
PLAINSBORO ,NEW JERSEY ,08536 ,MIDDLESEX ,"SMART INFORMATION MANAGEMENT SYSTEMS, INC ",I-200-16294-087157 
DULUTH ,GEORGIA ,30097 ,GWINNETT ,"ALLIED INFORMATICS, INC ",I-200-16295-018688 
PLANO ,TEXAS ,75024 ,COLLIN ,TRANS AMERICAN INFORMATION SYSTEMS INC ,I-200-16295-820682 
WASHINGTON ,DISTRICT OF COLUMBIA ,20001 ,DC - DISTRICT OF COLUMBIA ,SOFTWARE INFORMATION RESOURCE CORPORATION ,I-200-16294-882671 
REDMOND ,WASHINGTON ,98052 ,KING ,ARTECH INFORMATION SYSTEMS LLC ,I-200-16295-079582 
REDMOND ,WASHINGTON ,98052 ,KING ,ARTECH INFORMATION SYSTEMS LLC ,I-200-16295-222174 
BOTHELL ,WASHINGTON ,98021 ,SNOHOMISH ,XAVIENT INFORMATION SYSTEMS INC. ,I-200-16295-076339 
CLEVELAND ,OHIO ,44114 ,CUYAHOGA ,"CONCEPTS INFORMATION TECHNOLOGY, INC ",I-200-16294-107560 
NASHVILLE ,TENNESSEE ,37203 ,DAVIDSON ,"CONCEPTS INFORMATION TECHNOLOGY, INC ",I-200-16294-533330 
COLUMBUS ,OHIO ,43231 ,FRANKLIN ,INFORMATION CONTROL COMPANY LLC ,I-200-16293-713986 
COLUMBUS ,OHIO ,43231 ,FRANKLIN ,INFORMATION CONTROL COMPANY LLC ,I-200-16293-347648 
REDWOOD CITY ,CALIFORNIA ,94063 ,SAN MATEO ,INFORMATICA LLC ,I-200-16292-052962 
CHICAGO ,ILLINOIS ,60661 ,COOK ,"INFORMATION RESOURCES, INC. ",I-200-16294-063160 
WARREN ,NEW JERSEY ,07059 ,SOMERSET ,CORE INFORMATION TECHNOLOGY SERVICES INC. ,I-200-16294-874136 
NEW YORK ,NEW YORK ,10010 ,NEW YORK ,CORE INFORMATION TECHNOLOGY SERVICES INC. ,I-200-16294-894950 
IRVING ,TEXAS ,75038 ,DALLAS ,TRANS AMERICAN INFORMATION SYSTEMS INC ,I-200-16293-654788 
VERNON HILLS ,ILLINOIS ,60061 ,LAKE ,"RESOURCE INFORMATICS GROUP, INC. ",I-200-16293-451082 
MOSSVILLE ,ILLINOIS ,61552 ,PEORIA ,"RESOURCE INFORMATICS GROUP, INC. ",I-200-16293-498036 
GREEN BAY ,WISCONSIN ,54301 ,BROWN ,"ADAM INFORMATION TECHNOLOGIES, LLC ",I-200-16292-760337 
PITTSBURGH ,PENNSYLVANIA ,15219 ,ALLEGHENY ,SUNRAY INFORMATICS INC. ,I-200-16292-662468 
SAN JOSE ,CALIFORNIA ,95134 ,SANTA CLARA ,"CHARVI INFORMATION TECHNOLOGIES, INC ",I-200-16292-052736 
SAN JOSE ,CALIFORNIA ,95134 ,SANTA CLARA ,"CHARVI INFORMATION TECHNOLOGIES, INC ",I-200-16292-205311 
FALLS CHURCH ,VIRGINIA ,22042 ,FAIRFAX ,SLIQ INFORMATION TECHNOLOGIES INC. ,I-200-16292-936412 
DALLAS ,TEXAS ,75236 ,DALLAS ,"RESOURCE INFORMATICS GROUP, INC. ",I-200-16292-637844 
BLOOMSBURG ,PENNSYLVANIA ,17815 ,COLUMBIA ,"CONCEPTS INFORMATION TECHNOLOGY, INC ",I-200-16292-849817 
COLUMBUS ,OHIO ,43231 ,FRANKLIN ,INFORMATION CONTROL COMPANY LLC ,I-200-16288-673806 
COLUMBUS ,OHIO ,43231 ,FRANKLIN ,INFORMATION CONTROL COMPANY LLC ,I-200-16288-738257 
ALPHARETTA ,GEORGIA ,30005 ,FULTON ,EQUIFAX INFORMATION TECHNOLOGY LLC ,I-200-16287-398160 
PHILADELPHIA ,PENNSYLVANIA ,19103 ,PHILADELPHIA ,XAVIENT INFORMATION SYSTEMS INC. ,I-200-16292-442524 
CHICAGO ,ILLINOIS ,60607 ,COOK ,CITADEL INFORMATION SERVICES INC. ,I-200-16292-471768 
ALPHARETTA ,GEORGIA ,30005 ,FULTON ,EQUIFAX INFORMATION TECHNOLOGY LLC ,I-200-16286-923447 
SUNNYVALE ,CALIFORNIA ,94085 ,SANTA CLARA ,TRANS AMERICAN INFORMATION SYSTEMS INC ,I-200-16292-476722 
DALLAS ,TEXAS ,75254 ,DALLAS ,TRANS AMERICAN INFORMATION SYSTEMS INC ,I-200-16292-634943 
PLANO ,TEXAS ,75024 ,COLLIN ,TRANS AMERICAN INFORMATION SYSTEMS INC ,I-200-16292-986578 
BELLEVUE ,WASHINGTON ,98006 ,KING ,AMERICAN INFORMATION TECHNOLOGY CORPORATION ,I-200-16291-757426 
HERNDON ,VIRGINIA ,20170 ,FAIRFAX ,BISWAS INFORMATION TECHNOLOGY SOLUTIONS INC. ,I-200-16291-744390 
WASHINGTON DC ,DISTRICT OF COLUMBIA ,20005 ,DISTRICT OF COLUMBIA ,"JM INFORMATION SYSTEMS, LLC ",I-200-16289-972563 
MARLBOROUGH ,MASSACHUSETTS ,01752 ,MIDDLESEX ,"JM INFORMATION SYSTEMS, LLC ",I-200-16289-036415 
DOVER ,NEW HAMPSHIRE ,03820 ,STAFFORD ,"JM INFORMATION SYSTEMS, LLC ",I-200-16289-149461 
DOVER ,NEW HAMPSHIRE ,03820 ,STAFFORD ,"JM INFORMATION SYSTEMS, LLC ",I-200-16289-968049 
CRANSTON ,RHODE ISLAND ,02920 ,PROVIDENCE ,"JM INFORMATION SYSTEMS, LLC ",I-200-16289-975015 
CHICAGO ,ILLINOIS ,60601 ,COOK ,"JM INFORMATION SYSTEMS, LLC ",I-200-16289-374063 
MURRAY ,UTAH ,84107 ,SALT LAKE ,"UTAH HEALTH INFORMATION NETWORK, INC. ",I-200-16287-838261 
ACTON ,MASSACHUSETTS ,01720 ,MIDDLESEX ,"INNOVATIVE INFORMATION TECHNOLOGIES,INC ",I-200-16288-976049 
AMERICAN FORK ,UTAH ,84003 ,UTAH ,XAVIENT INFORMATION SYSTEMS INC. ,I-200-16288-078567 
DETROIT ,MICHIGAN ,48226 ,WAYNE ,COMPETITIVE COMPUTER INFORMATION TECHNOLOGIES INC ,I-200-16288-775642 
NEW ORLEANS ,LOUISIANA ,70113 ,ORLEANS ,"KENSINGTON INFORMATION GROUP, INC. ",I-200-16288-466109 
PLAINSBORO ,NEW JERSEY ,08536 ,MIDDLESEX ,"SMART INFORMATION MANAGEMENT SYSTEMS, INC. ",I-200-16286-060784 
PLAINSBORO ,NEW JERSEY ,08536 ,MIDDLESEX ,"SMART INFORMATION MANAGEMENT SYSTEM, INC. ",I-200-16125-881399 
DENTON ,TEXAS ,76207 ,DENTON ,TETRA PAK GLOBAL INFORMATION MANAGEMENT AMERICAS INC. ,I-200-16270-714387 
FALLS CHURCH ,VIRGINIA ,22043 ,FAIRFAX ,CREATIVE INFORMATION TECHNOLOGY INC. ,I-200-16287-690675 
ACTON ,MASSACHUSETTS ,01720 ,MIDDLESEX ,"INNOVATIVE INFORMATION TECHNOLOGIES,INC ",I-200-16287-402150 
HOUSTON ,TEXAS ,77074 ,HARRIS ,PRINCIPLE INFORMATION TECHNOLOGY COMPANY ,I-200-16287-509313 
AUSTIN ,TEXAS ,78750 ,TRAVIS ,INFORMATICA LLC ,I-200-16285-324383 
SAN ANTONIO ,TEXAS ,78256 ,BEXAR ,TRANS AMERICAN INFORMATION SYSTEMS INC ,I-200-16287-254244 
OWINGS MILLS ,MARYLAND ,21117 ,BALTIMORE ,"CONCEPTS INFORMATION TECHNOLOGY, INC ",I-200-16278-732398 
MCLEAN ,VIRGINIA ,22102 ,FAIRFAX ,CHAGS HEALTH INFORMATION TECHNOLOGY LLC ,I-200-16286-834689 
ATLANTA ,GEORGIA ,30326 ,FULTON ,"INFORM, INC. ",I-200-16286-612896 
ORANGE ,CALIFORNIA ,92865 ,ORANGE ,"VOLT INFORMATION SCIENCES, INC. ",I-200-16286-847583 
CLEVELAND ,OHIO ,44114 ,CUYAHOGA ,"CONCEPTS INFORMATION TECHNOLOGY, INC ",I-200-16286-598141 
AUBURN HILLS ,MICHIGAN ,48326 ,OAKLAND ,ORANGE INFORMATION TECHNOLOGY SOLUTIONS ,I-200-16286-845886 
NEW YORK ,NEW YORK ,10019 ,NEW YORK ,"PRINCETON INFORMATION, LTD. ",I-200-16286-163099 
ALPHARETTA ,GEORGIA ,30005 ,FULTON ,EQUIFAX INFORMATION TECHNOLOGY LLC ,I-200-16281-624391 
MEDLEY ,FLORIDA ,33178 ,MIAMI-DADE ,CHAGS HEALTH INFORMATION TECHNOLOGY LLC ,I-200-16286-376375 
IRVING ,TEXAS ,75039 ,DALLAS ,ARTECH INFORMATION SYSTEMS LLC ,I-200-16286-725655 
IRVING ,TEXAS ,75039 ,DALLAS ,ARTECH INFORMATION SYSTEMS LLC ,I-200-16281-949076 
COLUMBUS ,OHIO ,43213 ,FRANKLIN ,SUNRAY INFORMATICS INC. ,I-200-16285-360200 
CHICAGO ,ILLINOIS ,60661 ,COOK ,"INFORMATION RESOURCES, INC. ",I-200-16285-217659 
CHICAGO ,ILLINOIS ,60661 ,COOK ,"INFORMATION RESOURCES, INC. ",I-200-16285-817347 
CHARLOTTE ,NORTH CAROLINA ,28282 ,MECKLENBURG ,ARTECH INFORMATION SYSTEMS LLC ,I-200-16285-949478 
CHARLOTTE ,NORTH CAROLINA ,28282 ,MECKLENBURG ,ARTECH INFORMATION SYSTEMS LLC ,I-200-16285-892320 
CHARLOTTE ,NORTH CAROLINA ,28282 ,MECKLENBURG ,ARTECH INFORMATION SYSTEMS LLC ,I-200-16285-869712 
ALPHARETTA ,GEORGIA ,30005 ,FULTON ,"DELTA INFORMATION SYSTEMS, INC ",I-200-16285-727421 
REDWOOD CITY ,CALIFORNIA ,94063 ,SAN MATEO ,INFORMATICA LLC ,I-200-16280-322639 
MOUNT LAUREL ,NEW JERSEY ,08054 ,BURLINGTON ,XAVIENT INFORMATION SYSTEMS INC. ,I-200-16281-602981 
NORFOLK ,VIRGINIA ,23502 ,NORFOLK CITY ,"CONCEPTS INFORMATION TECHNOLOGY, INC ",I-200-16281-032118 
SAN FRANCISCO ,CALIFORNIA ,94105 ,SAN FRANCISCO ,TRANS AMERICAN INFORMATION SYSTEMS INC ,I-200-16281-588121 
SUNNYVALE ,CALIFORNIA ,94086 ,SANTA CLARA ,TRANS AMERICAN INFORMATION SYSTEMS INC ,I-200-16281-144952 
WEST CHESTER ,PENNSYLVANIA ,19380 ,CHESTER ,CHAGS HEALTH INFORMATION TECHNOLOGY LLC ,I-200-16280-517584 
MILWAUKEE ,WISCONSIN ,53223 ,MILWAUKEE ,"GE MEDICAL SYSTEMS INFORMATION TECHNOLOGIES, INC. ",I-200-16280-524669 
PRINCETON ,NEW JERSEY ,08541 ,MERCER ,"CHENOA INFORMATION SERVICES, INC. ",I-200-16280-626072 
AUSTIN ,TEXAS ,78750 ,WILLIAMSON ,"C&T INFORMATION TECHNOLOGY CONSULTING, INC ",I-200-16280-255919 
WOODCLIFF LAKE ,NEW JERSEY ,07677 ,BERGEN ,"SUNRAY INFORMATION TECHNOLOGIES, INC. ",I-200-16280-289539 
NASHVILLE ,TENNESSEE ,37203 ,DAVIDSON ,"CONCEPTS INFORMATION TECHNOLOGY, INC ",I-200-16280-391053 
CHICAGO ,ILLINOIS ,60661 ,COOK ,"INFORMATION RESOURCES, INC. ",I-200-16280-523531 
MARSHALL ,MINNESOTA ,56258 ,LYON ,SUNRAY INFORMATICS INC. ,I-200-16279-432511 
IRVING ,TEXAS ,75038 ,DALLAS ,TRANS AMERICAN INFORMATION SYSTEMS INC ,I-200-16279-014585 
HOUSTON ,TEXAS ,77074 ,HARRIS ,PRINCIPLE INFORMATION TECHNOLOGY COMPANY ,I-200-16279-211331 
DULUTH ,GEORGIA ,30097 ,GWINNETT ,"ALLIED INFORMATICS, INC ",I-200-16279-145690 
DULUTH ,GEORGIA ,30097 ,GWINNETT ,"ALLIED INFORMATICS, INC ",I-200-16279-597413 
AMERICAN FORK ,UTAH ,84003 ,UTAH ,XAVIENT INFORMATION SYSTEMS INC. ,I-200-16279-257860 
LOMBARD ,ILLINOIS ,60148 ,DUPAGE ,INFORMATIC TECHNOLOGIES INC ,I-200-16279-893240 
ITHACA ,NEW YORK ,14850 ,TOMPKINS ,"ENVISAGE INFORMATION SYSTEMS, LLC ",I-200-16275-795134 
CHICAGO ,ILLINOIS ,60654 ,COOK ,"KENSINGTON INFORMATION GROUP, INC. ",I-200-16278-232069 
NORTHBROOK ,ILLINOIS ,60062 ,COOK ,"KENSINGTON INFORMATION GROUP, INC. ",I-200-16278-347983 
SAN FRANCISCO ,CALIFORNIA ,94105 ,SAN FRANCISCO ,TRANS AMERICAN INFORMATION SYSTEMS INC ,I-200-16278-772090 
TOWSON ,MARYLAND ,21204 ,BALTIMORE ,VINSYS INFORMATION TECHNOLOGY INC ,I-200-16277-265799 
NEW YORK ,NEW YORK ,10001 ,NEW YORK ,CITADEL INFORMATION SERVICES INC. ,I-200-16275-757054 
CHICAGO ,ILLINOIS ,60661 ,COOK ,"INFORMATION RESOURCES, INC. ",I-200-16274-719550 
ALLEN ,TEXAS ,75013 ,COLLIN ,"EXPERIAN INFORMATION SOLUTIONS, INC. ",I-200-16273-103461 
COSTA MESA ,CALIFORNIA ,92626 ,ORANGE ,"EXPERIAN INFORMATION SOLUTIONS, INC. ",I-200-16274-915807 
CHICAGO ,ILLINOIS ,60661 ,COOK ,"INFORMATION RESOURCES, INC. ",I-200-16274-904103 
ALLEN ,TEXAS ,75025 ,COLLIN ,"EXPERIAN INFORMATION SOLUTIONS, INC. ",I-200-16273-062066 
PRINCETON ,NEW JERSEY ,08541 ,MERCER ,"CHENOA INFORMATION SERVICES, INC. ",I-200-16273-191130 
COLUMBUS ,OHIO ,43231 ,FRANKLIN ,INFORMATION CONTROL COMPANY LLC ,I-200-16273-165312 
SUNNYVALE ,CALIFORNIA ,94089 ,SANTA CLARA ,KIP INFORMATION TECHNOLOGIES INC ,I-200-16272-373784 
WAUWATOSA ,WISCONSIN ,53226 ,MILWAUKEE ,"GE MEDICAL SYSTEMS INFORMATION TECHNOLOGIES, INC. ",I-200-16272-245738 
EDEN PRAIRIE ,MINNESOTA ,55344 ,HENNEPIN ,"KENSINGTON INFORMATION GROUP, INC. ",I-200-16272-932783 
DULUTH ,GEORGIA ,30097 ,GWINNETT ,"ALLIED INFORMATICS, INC ",I-200-16271-245602 
CHAPIN ,SOUTH CAROLINA ,29036 ,LEXINGTON ,"GENERAL INFORMATION SERVICES, INC. ",I-200-16271-118877 
SAN FRANCISCO ,CALIFORNIA ,94105 ,SAN FRANCISCO ,TRANS AMERICAN INFORMATION SYSTEMS INC ,I-200-16271-125072 
REDMOND ,WASHINGTON ,98052 ,KING ,"INTERNATIONAL INFORMATION TECHNOLOGY TEAM, INC. ",I-200-16271-985650 
RALEIGH ,NORTH CAROLINA ,27607 ,WAKE COUNTY ,"CORE INFORMATION TECHNOLOGY SOLUTIONS, INC. ",I-200-16270-967944 
MADISON ,WISCONSIN ,53718 ,DANE ,"GE MEDICAL SYSTEMS INFORMATION TECHNOLOGIES, INC. ",I-200-16266-053379 
PLAINSBORO ,NEW JERSEY ,08536 ,MIDDLESEX ,"SMART INFORMATION MANAGEMENT SYSTEMS, INC. ",I-200-16266-981681 
WASHINGTON ,DISTRICT OF COLUMBIA ,20002 ,DISTRICT OF COLUMBIA ,AMERICAN INFORMATION TECHNOLOGY CORPORATION ,I-200-16267-440163 
DALLAS ,TEXAS ,75201 ,DALLAS ,AMERICAN INFORMATION TECHNOLOGY CORPORATION ,I-200-16267-637873 
WESTERVILLE ,OHIO ,43081 ,FRANKLIN ,"GLOBAL INFORMATION SYSTEMS, INC. ",I-200-16267-403625 
PRINCETON ,NEW JERSEY ,08540 ,MERCER ,CITADEL INFORMATION SERVICES INC. ,I-200-16267-403734 
PLAINSBORO ,NEW JERSEY ,08536 ,MIDDLESEX ,"SMART INFORMATION MANAGEMENT SYSTEMS, INC. ",I-200-16266-938580 
LOUISVILLE ,KENTUCKY ,40202 ,JEFFERSON ,AMERICAN INFORMATION TECHNOLOGY CORPORATION ,I-200-16267-321168 
ALPHARETTA ,GEORGIA ,30005 ,FULTON ,EQUIFAX INFORMATION SERVICES LLC ,I-200-16263-153676 
DES MOINES ,IOWA ,50309 ,POLK ,"SAMEPAGE INFORMATION SOLUTIONS, INC ",I-200-16266-991494 
ATLANTA ,GEORGIA ,30338 ,DE KALB COUNTY ,"AETEA INFORMATION TECHNOLOGY, INC. ",I-200-16266-822163 
MARIETTA ,GEORGIA ,30339 ,COBB COUNTY ,"CORE INFORMATION TECHNOLOGY SOLUTIONS, INC. ",I-200-16266-055077 
WEST DES MOINES ,IOWA ,50266 ,POLK ,"SAMEPAGE INFORMATION SOLUTIONS, INC ",I-200-16265-488530 
COLUMBUS ,OHIO ,43231 ,FRANKLIN ,INFORMATION CONTROL COMPANY LLC ,I-200-16265-280306 
WEST CHESTER ,PENNSYLVANIA ,19380 ,CHESTER ,XAVIENT INFORMATION SYSTEMS INC. ,I-200-16265-850380 
DULUTH ,GEORGIA ,30097 ,GWINNETT ,"ALLIED INFORMATICS, INC ",I-200-16265-234316 
SEATTLE ,WASHINGTON ,98104-2939 ,KING ,CHINESE INFORMATION AND SERVICE CENTER ,I-200-16263-460669 
DULUTH ,GEORGIA ,30097 ,GWINNETT ,"ALLIED INFORMATICS, INC ",I-200-16263-756489 
DULUTH ,GEORGIA ,30097 ,GWINNETT ,"ALLIED INFORMATICS, INC ",I-200-16263-577101 
HOUSTON ,TEXAS ,77074 ,HARRIS ,PRINCIPLE INFORMATION TECHNOLOGY COMPANY ,I-200-16263-850209 
HOUSTON ,TEXAS ,77074 ,HARRIS ,PRINCIPLE INFORMATION TECHNOLOGY COMPANY ,I-200-16260-730445 
SAN DIEGO ,CALIFORNIA ,92108 ,SAN DIEGO ,XAVIENT INFORMATION SYSTEMS INC. ,I-200-16260-240671 
HARRISBURG ,PENNSYLVANIA ,17101 ,DAUPHIN ,"INNOVATIVE INFORMATION TECHNOLOGIES,INC ",I-200-16260-605519 
ATLANTA ,GEORGIA ,30339 ,COBB ,XAVIENT INFORMATION SYSTEMS INC. ,I-200-16259-008956 
COSTA MESA ,CALIFORNIA ,92626 ,ORANGE ,"EXPERIAN INFORMATION SOLUTIONS, INC. ",I-200-16253-283832 
KANSAS CITY ,MISSOURI ,64133 ,JACKSON ,"BERING STRAITS INFORMATION TECHNOLOGY, LLC ",I-200-16258-297617 
LONG ISLAND CITY ,NEW YORK ,11120 ,QUEENS ,"PRINCETON INFORMATION, LTD. ",I-200-16236-782328 
RALEIGH ,NORTH CAROLINA ,27607 ,WAKE COUNTY ,"CORE INFORMATION TECHNOLOGY SOLUTIONS, INC. ",I-200-16257-852848 
ENGLEWOOD ,COLORADO ,80112 ,ARAPAHOE ,XAVIENT INFORMATION SYSTEMS INC. ,I-200-16257-961076 
EDISON ,NEW JERSEY ,08817 ,MIDDLESEX ,SLIQ INFORMATION TECHNOLOGIES INC. ,I-200-16256-233517 
EDISON ,NEW JERSEY ,08817 ,MIDDLESEX ,SLIQ INFORMATION TECHNOLOGIES INC. ,I-200-16256-396765 
PITTSBURGH ,PENNSYLVANIA ,15222 ,ALLEGHENY ,"INFORMATION TECHNOLOGY PROFESSIONALS, INC. ",I-200-16256-770650 
MARYLAND HEIGHTS ,MISSOURI ,63043 ,ST LOUIS ,XAVIENT INFORMATION SYSTEMS INC. ,I-200-16253-478710 
ATLANTA ,GEORGIA ,30324 ,FULTON ,XAVIENT INFORMATION SYSTEMS INC. ,I-200-16243-957733 
SAN RAMON ,CALIFORNIA ,94583 ,CONTRA COSTA ,"SAMEPAGE INFORMATION SOLUTIONS, INC ",I-200-16251-197925 
TORRANCE ,CALIFORNIA ,90501 ,LOS ANGELES ,PARTNERS INFORMATION TECHNOLOGY INC. ,I-200-16246-338904 
PISCATAWAY ,NEW JERSEY ,08854 ,MIDDLESEX ,INFORMATICA LLC ,I-200-16243-395041 
DES MOINES ,IOWA ,50319 ,POLK ,OFFICE OF THE CHIEF INFORMATION OFFICER ,I-200-16244-949119 
ALPHARETTA ,GEORGIA ,30005 ,FULTON ,"DELTA INFORMATION SYSTEMS, INC ",I-200-16251-808220 
PLAINSBORO ,NEW JERSEY ,08536 ,MIDDLESEX ,"SMART INFORMATION MANAGEMENT SYSTEMS, INC. ",I-200-16239-692820 
CHICAGO ,ILLINOIS ,60661 ,COOK ,"INFORMATION RESOURCES, INC. ",I-200-16245-350091 
EXTON ,PENNSYLVANIA ,19341 ,CHESTER ,XAVIENT INFORMATION SYSTEMS INC. ,I-200-16244-449555 
BROOKLYN ,NEW YORK ,11201 ,KINGS ,"KENSINGTON INFORMATION GROUP, INC. ",I-200-16245-667463 
ATLANTA ,GEORGIA ,30326 ,FULTON ,"COSTAR REALTY INFORMATION, INC. ",I-200-16237-032788 
ALPHARETTA ,GEORGIA ,30005 ,FULTON ,"DELTA INFORMATION SYSTEMS, INC ",I-200-16245-579925 
MARYLAND HEIGHTS ,MISSOURI ,63043 ,ST LOUIS ,XAVIENT INFORMATION SYSTEMS INC. ,I-200-16243-234492 
MARYLAND HEIGHTS ,MISSOURI ,63043 ,ST. LOUIS ,XAVIENT INFORMATION SYSTEMS INC. ,I-200-16243-856747 
ATLANTA ,GEORGIA ,30339 ,COBB ,"SITA INFORMATION NETWORKING COMPUTING USA, INC. ",I-200-16239-785862 
PHILADELPHIA ,PENNSYLVANIA ,19103 ,PHILADELPHIA ,SUNRAY INFORMATICS INC. ,I-200-16239-531972 
ROCKVILLE ,MARYLAND ,20852 ,MONTGOMERY ,INFORMATION INNOVATORS INC. ,I-200-16222-889221 
HERNDON ,VIRGINIA ,20171 ,FAIRFAX ,CITADEL INFORMATION SERVICES INC. ,I-200-16237-923986 
AUSTIN ,TEXAS ,78729 ,WILLIAMSON ,"RESOURCE AMERICA INFORMATION TECHNOLOGY, INC. ",I-200-16236-817911 
ALPHARETTA ,GEORGIA ,30005 ,FULTON ,EQUIFAX INFORMATION SERVICES LLC ,I-200-16187-592775 
NEW YORK CITY ,NEW YORK ,10010 ,NEW YORK ,"INNOVATIVE INFORMATION TECHNOLOGIES,INC ",I-200-16232-950309 
CHICAGO ,ILLINOIS ,60661 ,COOK ,"INFORMATION RESOURCES, INC. ",I-200-16231-148975 
TROPHY CLUB ,TEXAS ,76262 ,DENTON ,INFORMATICA LLC ,I-200-16230-853967 
AUSTIN ,TEXAS ,78754 ,TRAVIS ,KIP INFORMATION TECHNOLOGIES INC ,I-200-16230-810958 
BUENA PARK ,CALIFORNIA ,90621 ,ORANGE ,PARTNERS INFORMATION TECHNOLOGY INC. ,I-200-16230-394916 
PHILADELPHIA ,PENNSYLVANIA ,19103 ,PHILADELPHIA ,ARTECH INFORMATION SYSTEMS LLC ,I-200-16229-876346 
MORRISTOWN ,NEW JERSEY ,07960 ,MORRIS ,ARTECH INFORMATION SYSTEMS LLC ,I-200-16229-254385 
DALLAS ,TEXAS ,75231 ,DALLAS ,TRANS AMERICAN INFORMATION SYSTEMS INC ,I-200-16224-394675 
MARYLAND HEIGHTS ,MISSOURI ,63043 ,ST LOUIS ,XAVIENT INFORMATION SYSTEMS INC. ,I-200-16222-093310 
ENGLEWOOD ,COLORADO ,80112 ,ARAPAHOE ,XAVIENT INFORMATION SYSTEMS INC. ,I-200-16221-684595 
SAN JOSE ,CALIFORNIA ,95125 ,SANTA CLARA ,"RESOURCE AMERICA INFORMATION TECHNOLOGY, INC. ",I-200-16221-175323 
CHICAGO ,ILLINOIS ,60661 ,COOK ,"INFORMATION RESOURCES, INC. ",I-200-16218-211460 
CHICAGO ,ILLINOIS ,60661 ,COOK ,"INFORMATION RESOURCES, INC. ",I-200-16218-125504 
PLAINSBORO ,NEW JERSEY ,08536 ,MIDDLESEX ,"SMART INFORMATION MANAGEMENT SYSTEMS, INC. ",I-200-16210-059335 
DENTON ,TEXAS ,76207 ,DENTON ,TETRA PAK GLOBAL INFORMATION MANAGEMENT AMERICAS INC. ,I-200-16209-709392 
CHICAGO ,ILLINOIS ,60661 ,COOK ,"INFORMATION RESOURCES, INC. ",I-200-16214-299251 
MARYLAND HEIGHTS ,MISSOURI ,63043 ,ST. LOUIS ,XAVIENT INFORMATION SYSTEMS INC. ,I-200-16214-867484 
EXTON ,PENNSYLVANIA ,19341 ,CHESTER ,XAVIENT INFORMATION SYSTEMS INC. ,I-200-16211-828075 
PLAINSBORO ,NEW JERSEY ,08536 ,MIDDLESEX ,"SMART INFORMATION MANAGEMENT SYSTEMS, INC. ",I-200-16203-787002 
GREENVILLE ,SOUTH CAROLINA ,29615 ,GREENVILLE ,ORANGE INFORMATION TECHNOLOGY SOLUTIONS ,I-200-16204-905155 
SIMI VALLEY ,CALIFORNIA ,93065 ,VENTURA ,XAVIENT INFORMATION SYSTEMS INC. ,I-200-16204-834317 
WASHINGTON ,DISTRICT OF COLUMBIA ,20001 ,DC - DISTRICT OF COLUMBIA ,SOFTWARE INFORMATION RESOURCE CORPORATION ,I-200-16203-106524 
JEFFERSON CITY ,MISSOURI ,65109 ,COLE ,"INFORMATION RESOURCE GROUP, INC. ",I-200-16202-726774 
JEFFERSON CITY ,MISSOURI ,65109 ,COLE ,"INFORMATION RESOURCE GROUP, INC. ",I-200-16201-587930 
DALLAS ,TEXAS ,75247 ,DALLAS ,"INNOVATIVE INFORMATION TECHNOLOGIES,INC ",I-200-16201-289656 
ALPHARETTA ,GEORGIA ,30005 ,FULTON ,EQUIFAX INFORMATION SERVICES LLC ,I-200-16195-231525 
REDWOOD CITY ,CALIFORNIA ,94063 ,SAN MATEO ,INFORMATICA LLC ,I-200-16197-979864 
CRANBURY ,NEW JERSEY ,08512 ,MIDDLESEX ,"BLUEPRINT INFORMATION STRATEGIES, LLC ",I-200-16195-109790 
TROPHY CLUB ,TEXAS ,76262 ,DENTON ,INFORMATICA LLC ,I-200-16197-867277 
REDWOOD CITY ,CALIFORNIA ,94063 ,SAN MATEO ,INFORMATICA LLC ,I-200-16197-756526 
RICHARDSON ,TEXAS ,75082 ,DALLAS ,"GLOBAL INFORMATION SYSTEMS, INC. ",I-200-16195-455612 
CHESTERFIELD ,MISSOURI ,63017 ,ST. LOUIS ,"RESOURCE AMERICA INFORMATION TECHNOLOGY, INC. ",I-200-16195-246027 
WINSTON-SALEM ,NORTH CAROLINA ,27107 ,FORSYTH ,"RESOURCE AMERICA INFORMATION TECHNOLOGY, INC. ",I-200-16195-718064 
ALPHARETTA ,GEORGIA ,30005 ,FULTON ,EQUIFAX INFORMATION SERVICES LLC ,I-200-16167-433671 
DENTON ,TEXAS ,76207 ,DENTON ,TETRA PAK GLOBAL INFORMATION MANAGEMENT AMERICAS INC. ,I-200-16127-348397 
COLUMBUS ,OHIO ,43231 ,FRANKLIN ,INFORMATION CONTROL COMPANY LLC. ,I-200-16187-574013 
SAN DIEGO ,CALIFORNIA ,92121 ,SAN DIEGO ,ARTECH INFORMATION SYSTEMS LLC ,I-200-16183-691294 
ISELIN ,NEW JERSEY ,08830 ,MIDDLESEX ,CITADEL INFORMATION SERVICES INC. ,I-200-16167-841988 
PLAINSBORO ,NEW JERSEY ,08536 ,MIDDLESEX ,"SMART INFORMATION MANAGEMENT SYSTEMS, INC. ",I-200-16179-712163 
JACKSONVILLE ,FLORIDA ,32216 ,DUVAL ,INFORMATICA LLC ,I-200-16165-720606 
COLUMBUS ,OHIO ,43231 ,FRANKLIN ,INFORMATION CONTROL COMPANY LLC ,I-200-16176-224809 
CLEVELAND ,NEW JERSEY ,44105 ,CUYAHOGA ,"INNOVATIVE INFORMATION TECHNOLOGIES,INC ",I-200-16176-147717 
WASHINGTON ,DISTRICT OF COLUMBIA ,20036 ,DISTRICT OF COLUMBIA ,"SITA INFORMATION NETWORKING COMPUTING USA, INC. ",I-200-16173-846567 
REDWOOD CITY ,CALIFORNIA ,94063 ,SAN MATEO ,INFORMATICA LLC ,I-200-16175-608677 
OAKLAND ,CALIFORNIA ,94612 ,ALAMEDA ,"RESOURCE INFORMATICS GROUP, INC ",I-200-16174-431522 
DUBLIN ,OHIO ,43016 ,FRANKLIN ,INFORMATION CONTROL COMPANY LLC ,I-200-16169-242573 
LANSING ,MICHIGAN ,48933 ,INGHAM ,COMPETITIVE COMPUTER INFORMATION TECHNOLOGIES INC ,I-200-16172-666293 
CHICAGO ,ILLINOIS ,60661 ,COOK ,"INFORMATION RESOURCES, INC. ",I-200-16172-186745 
NEW YORK ,NEW YORK ,10121 ,NEW YORK ,INFORMATION BUILDERS INC. ,I-200-16154-661146 
ATLANTA ,GEORGIA ,30339 ,FULTON ,"SITA INFORMATION NETWORKING COMPUTING USA, INC. ",I-200-16166-911313 
ALPHARETTA ,GEORGIA ,30005 ,FULTON ,EQUIFAX INFORMATION SERVICES LLC ,I-200-16154-650969 
ALPHARETTA ,GEORGIA ,30005 ,FULTON ,EQUIFAX INFORMATION TECHNOLOGY LLC ,I-200-16153-098245 
CHICAGO ,ILLINOIS ,60654 ,COOK ,CCC INFORMATION SERVICES INC. ,I-200-16159-928996 
COLUMBUS ,OHIO ,43231 ,FRANKLIN ,INFORMATION CONTROL COMPANY LLC ,I-200-16158-825795 
WASHINGTON ,DISTRICT OF COLUMBIA ,20009 ,DISTRICT OF COLUMBIA ,"SITA INFORMATION NETWORKING COMPUTING USA, INC. ",I-200-16158-887143 
REDWOOD CITY ,CALIFORNIA ,94063 ,SAN MATEO ,INFORMATICA LLC ,I-200-16154-934540 
MILPITAS ,CALIFORNIA ,95035 ,SANTA CLARA ,ALLIANCE INFORMATION TECHNOLOGY AND COMPUTER SOFTWARE SOLUTIONS INC. ,I-200-16153-958348 
REDWOOD CITY ,CALIFORNIA ,94063 ,SAN MATEO ,INFORMATICA LLC ,I-200-16154-579529 
COLUMBUS ,OHIO ,43231 ,FRANKLIN ,INFORMATION CONTROL COMPANY LLC ,I-200-16154-755674 
MIDDLETOWN ,NEW JERSEY ,07748 ,MONMOUTH ,"INNOVATIVE INFORMATION TECHNOLOGIES,INC ",I-200-16155-195341 
BLUE ASH ,OHIO ,45242 ,HAMILTON ,AMERICAN INFORMATION TECHNOLOGY CORPORATION ,I-200-16152-798097 
TALLAHASSEE ,FLORIDA ,32308 ,LEON ,"GLOBAL INFORMATION SERVICES, INC. ",I-200-16152-418568 
RAMCHO CORDOVA ,CALIFORNIA ,95670 ,SACREMANTO COUNTY ,"CORE INFORMATION TECHNOLOGY SOLUTIONS, INC. ",I-200-16152-701724 
RALEIGH ,NORTH CAROLINA ,27604 ,WAKE COUNTY ,"CORE INFORMATION TECHNOLOGY SOLUTIONS, INC. ",I-200-16152-751100 
FALLS CHURCH ,VIRGINIA ,22042 ,FAIRFAX ,"JM INFORMATION SYSTEMS, LLC ",I-200-16150-787200 
RICHARDSON ,TEXAS ,75081 ,DALLAS ,"JMA INFORMATION TECHNOLOGY, INC. ",I-200-16141-616671 
CHICAGO ,ILLINOIS ,60654 ,COOK ,CCC INFORMATION SERVICES INC. ,I-200-16146-998001 
NEW YORK ,NEW YORK ,10121 ,NEW YORK ,INFORMATION BUILDERS INC. ,I-200-16145-214384 
WHITE PLAINS ,NEW YORK ,10601 ,WESTCHESTER ,ARGUS INFORMATION AND ADVISORY SERVICES LLC ,I-200-16140-628166 
WHITE PLAINS ,NEW YORK ,10601 ,WESTCHESTER ,ARGUS INFORMATION AND ADVISORY SERVICES LLC ,I-200-16140-147133 
FORT WORTH ,TEXAS ,76108 ,TARRANT ,NATIONAL HEALTH INFORMATION NETWORK ,I-200-16139-410269 
WHITE PLAINS ,NEW YORK ,10601 ,WESTCHESTER ,ARGUS INFORMATION AND ADVISORY SERVICES LLC ,I-200-16139-471357 
COLUMBUS ,OHIO ,43231 ,FRANKLIN ,INFORMATION CONTROL COMPANY LLC. ,I-200-16124-256993 
COLUMBUS ,OHIO ,43231 ,FRANKLIN ,INFORMATION CONTROL COMPANY LLC. ,I-200-16118-721921 
TALLAHASSEE ,FLORIDA ,32308 ,LEON ,"GLOBAL INFORMATION SERVICES, INC. ",I-200-16134-531991 
HORSHAM ,PENNSYLVANIA ,19044 ,MONTGOMERY ,NEXTGEN HEALTHCARE INFORMATION SYSTEMS INC ,I-200-16123-853792 
COLUMBUS ,OHIO ,43231 ,FRANKLIN ,INFORMATION CONTROL COMPANY LLC ,I-200-16130-487785 
BOHEMIA ,NEW YORK ,11716 ,SUFFOLK ,"SITA INFORMATION NETWORKING COMPUTING USA, INC. ",I-200-16125-710736 
AURORA ,ILLINOIS ,60504 ,DU PAGE ,"TERRA INFORMATION GROUP, INC. ",I-200-16130-358011 
WASHINGTON ,DISTRICT OF COLUMBIA ,20212 ,DISTRICT OF COLUMBIA ,BAE SYSTEMS INFORMATION SOLUTIONS ,I-200-16127-083372 
DES MOINES ,IOWA ,50319 ,POLK ,OFFICE OF THE CHIEF INFORMATION OFFICER ,I-200-16089-807458 
REDWOOD CITY ,CALIFORNIA ,94063 ,SAN MATEO ,INFORMATICA LLC ,I-200-16118-100315 
CAMDEN ,NEW JERSEY ,08103 ,CAMDEN ,"KHOJ INFORMATION TECHNOLOGY, INC. ",I-200-16120-970773 
PHOENIX ,ARIZONA ,85012 ,MARICOPA ,SSRP INFORMATION TECHNOLOGIES LLC ,I-200-16119-866036 
WASHINGTON ,DISTRICT OF COLUMBIA ,20212 ,DISTRICT OF COLUMBIA ,BAE SYSTEMS INFORMATION SOLUTIONS ,I-200-16119-492244 
DETROIT ,MICHIGAN ,48202 ,WAYNE ,"VISION INFORMATION TECHNOLOGIES, INC. ",I-200-16118-988624 
WASHINGTON ,DISTRICT OF COLUMBIA ,20212 ,DISTRICT OF COLUMBIA ,BAE SYSTEMS INFORMATION SOLUTIONS ,I-200-16097-433257 
CHICAGO ,ILLINOIS ,60601 ,COOK COUNTY ,"CORE INFORMATION TECHNOLOGY SOLUTIONS, INC. ",I-200-16113-881914 
CHICAGO ,ILLINOIS ,60654 ,COOK ,CCC INFORMATION SERVICES INC. ,I-200-16112-006296 
BOTHELL ,WASHINGTON ,98021 ,SNOHOMISH ,XAVIENT INFORMATION SYSTEMS INC. ,I-200-16106-784487 
RALEIGH ,NORTH CAROLINA ,27601 ,WAKE ,"TEAM INFORMATION SERVICES, INC. ",I-200-16111-153824 
REDWOOD CITY ,CALIFORNIA ,94063 ,SAN MATEO ,INFORMATICA LLC ,I-200-16085-632053 
FRAMINGHAM ,MASSACHUSETTS ,01701 ,MIDDLESEX ,ENHANCED INFORMATION SOLUTIONS INC. ,I-200-16105-314482 
ATLANTA ,GEORGIA ,30339 ,COBB ,"SITA INFORMATION NETWORKING COMPUTING USA, INC. ",I-200-16096-229466 
ATLANTA ,GEORGIA ,30339 ,FULTON ,IQUADRA INFORMATION SERVICES LLC ,I-200-16097-841257 
IRVING ,TEXAS ,75039 ,DALLAS ,"CIGNITI, INC. ",I-200-16333-710229 
IRVING ,TEXAS ,75039 ,DALLAS ,"CIGNITI, INC. ",I-200-16320-195932 
IRVING ,TEXAS ,75039 ,DALLAS ,"CIGNITI, INC. ",I-200-16319-474210 
IRVING ,TEXAS ,75039 ,DALLAS ,"CIGNITI, INC. ",I-200-16315-499496 
IRVING ,TEXAS ,75039 ,DALLAS ,"CIGNITI, INC. ",I-200-16313-515630 
IRVING ,TEXAS ,75039 ,DALLAS ,"CIGNITI, INC. ",I-200-16307-767767 
IRVING ,TEXAS ,75039 ,DALLAS ,"CIGNITI, INC. ",I-200-16305-921575 
IRVING ,TEXAS ,75039 ,DALLAS ,"CIGNITI, INC. ",I-200-16301-583194 
IRVING ,TEXAS ,75039 ,DALLAS ,"CIGNITI, INC ",I-200-16299-947751 
IRVING ,TEXAS ,75039 ,DALLAS ,"CIGNITI, INC ",I-200-16295-157148 
IRVING ,TEXAS ,75039 ,DALLAS ,"CIGNITI, INC ",I-200-16298-737219 
IRVING ,TEXAS ,75039 ,DALLAS ,"CIGNITI, INC ",I-200-16295-091425 
IRVING ,TEXAS ,75039 ,DALLAS ,"CIGNITI, INC ",I-200-16294-987464 
IRVING ,TEXAS ,75039 ,DALLAS ,"CIGNITI, INC. ",I-200-16287-764326 
IRVING ,TEXAS ,75039 ,DALLAS ,"CIGNITI, INC ",I-200-16286-616600 
IRVING ,TEXAS ,75039 ,DALLAS ,"CIGNITI, INC. ",I-200-16286-045421 
IRVING ,TEXAS ,75039 ,DALLAS ,"CIGNITI, INC. ",I-200-16285-055147 
IRVING ,TEXAS ,75039 ,DALLAS ,"CIGNITI, INC. ",I-200-16281-870013 
IRVING ,TEXAS ,75039 ,DALLAS ,"CIGNITI, INC. ",I-200-16279-923011 
IRVING ,TEXAS ,75039 ,DALLAS ,"CIGNITI, INC. ",I-200-16273-406969 
IRVING ,TEXAS ,75039 ,DALLAS ,"CIGNITI, INC. ",I-200-16272-697523 
IRVING ,TEXAS ,75039 ,TEXAS ,"CIGNITI, INC. ",I-200-16271-295607 
IRVING ,TEXAS ,75039 ,DALLAS ,"CIGNITI, INC. ",I-200-16272-786500 
IRVING ,TEXAS ,75039 ,DALLAS ,"CIGNITI, INC. ",I-200-16266-053623 
IRVING ,TEXAS ,75039 ,DALLAS ,"CIGNITI, INC ",I-200-16265-152294 
IRVING ,TEXAS ,75039 ,DALLAS ,"CIGNITI, INC ",I-200-16263-491577 
IRVING ,TEXAS ,75039 ,DALLAS ,"CIGNITI, INC ",I-200-16259-563613 
IRVING ,TEXAS ,75039 ,DALLAS ,"CIGNITI, INC. ",I-200-16256-468350 
IRVING ,TEXAS ,75039 ,DALLAS ,"CIGNITI, INC. ",I-200-16258-915122 
IRVING ,TEXAS ,75039 ,DALLAS ,"CIGNITI, INC. ",I-200-16137-809991 
IRVING ,TEXAS ,75039 ,DALLAS ,"CIGNITI, INC. ",I-200-16132-159765 
DORAL ,FLORIDA ,33178 ,MIAMI-DADE ,"INTERGLOBE TECHNOLOGIES, INC. ",I-200-16327-304593 
BETHESDA ,MARYLAND ,20817 ,MONTGOMERY ,"INTERGLOBE TECHNOLOGIES, INC. ",I-200-16306-170434 
LONDONDERRY ,NEW HAMPSHIRE ,03053 ,ROCKINGHAM ,"GLOBE TECH, INC. ",I-200-16286-616850 
VALENCIA ,CALIFORNIA ,91355 ,LOS ANGELES ,"INTERGLOBE TECHNOLOGIES, INC. ",I-200-16224-171778 
BETHESDA ,MARYLAND ,20817 ,MONTGOMERY ,"RETAIL SERVICES AND SYSTEMS, INC. (DBA TOTAL WINE ",I-200-16280-825063 
BETHESDA ,MARYLAND ,20817 ,MONTGOMERY ,"RETAIL SERVICES AND SYSTEMS, INC. (DBA TOTAL WINE ",I-200-16267-912668 
PLEASANTON ,CALIFORNIA ,94566 ,ALAMEDA ,"RETAIL SERVICES AND SYSTEMS, INC. (DBA TOTAL WINE ",I-200-16266-052438 
BETHESDA ,MARYLAND ,20817 ,MONTGOMERY ,"RETAIL SERVICES AND SYSTEMS, INC. (DBA TOTAL WINE ",I-200-16257-223086 
TAMPA ,FLORIDA ,33634 ,HILLSBOROUGH ,SRI TECH SOLUTIONS INC ,I-200-16349-263470 
LONG BEACH ,CALIFORNIA ,90801 ,LOS ANGELES ,SRI TECH SOLUTIONS INC ,I-200-16322-529670 
OLDSMAR ,FLORIDA ,34677 ,PINELLAS ,SRI TECH SOLUTIONS INC ,I-200-16312-435972 
FORT WORTH ,TEXAS ,76106 ,TARRANT ,SRI TECH SOLUTIONS INC ,I-200-16288-278507 
CHARLOTTE ,NORTH CAROLINA ,28262 ,MECKLENBURG ,SRI TECH SOLUTIONS INC ,I-200-16286-626037 
TAMPA ,FLORIDA ,33647 ,HILLSBOROUGH ,"SRI TECH SOLUTIONS, INC. ",I-200-16264-576303 
TAMPA ,FLORIDA ,33647 ,HILLSBOROUGH ,"SRI TECH SOLUTIONS, INC. ",I-200-16260-500686 
REDMOND ,WASHINGTON ,98052 ,KING ,SRI TECH SOLUTIONS INC ,I-200-16259-481259 
TAMPA ,FLORIDA ,33607 ,HILLSBOROUGH ,SRI TECH SOLUTIONS INC ,I-200-16153-757648 
ARLINGTON ,VIRGINIA ,22230 ,ARLINGTON ,"BLUE CANOPY GROUP, LLC ",I-200-16286-630290 
LIBERTY CORNER ,NEW JERSEY ,07938 ,SOMERSET ,DURKIN GROUP LLC ,I-200-16286-640468 
IRVING ,TEXAS ,75038 ,DALLAS ,VERTUCOM INC ,I-200-16286-645980 
SUNNYVALE ,CALIFORNIA ,94086 ,SANTA CLARA ,SRI INFO SYSTEMS INC. ,I-200-16286-652718 
ATLANTA ,GEORGIA ,30339 ,COBB COUNTY ,FORSYS INC ,I-200-16327-827085 
ATLANTA ,GEORGIA ,30339 ,COBB COUNTY ,FORSYS INC ,I-200-16327-464490 
KATY ,TEXAS ,77494 ,FORT BEND ,FORSYS INC ,I-200-16321-758296 
NEW YORK ,NEW YORK ,10036 ,NEW YORK ,FORSYS INC ,I-200-16302-215995 
GLENDALE ,CALIFORNIA ,91201 ,LOS ANGELES COUNTY ,FORSYS INC ,I-200-16293-502269 
PLEASANTON ,CALIFORNIA ,94588 ,ALAMEDA COUNTY ,FORSYS INC ,I-200-16286-995466 
WESTWOOD ,MASSACHUSETTS ,02090 ,NORFOLK ,FORSYS INC ,I-200-16286-654917 
SAN JOSE ,CALIFORNIA ,95134 ,SANTA CLARA COUNTY ,FORSYS INC ,I-200-16267-969649 
HOUSTON ,TEXAS ,77079 ,HARRIS ,FORSYS SUBSEA INC. ,I-200-16168-195317 
COLUMBIA ,MARYLAND ,21046 ,HOWARD COUNTY ,FORSYS INC ,I-200-16132-134368 
SAN JOSE ,CALIFORNIA ,95002 ,SANTA CLARA ,"INNOVIUM, INC. ",I-200-16305-068302 
SAN JOSE ,CALIFORNIA ,95002 ,SANTA CLARA ,"INNOVIUM, INC. ",I-200-16287-512826 
SAN JOSE ,VIRGINIA ,95002 ,SANTA CLARA ,"INNOVIUM, INC. ",I-200-16286-661942 
ORLANDO ,FLORIDA ,32819 ,ORANGE ,"DIGITAL CONSULTING SOFTWARE & SERVICES, LLC ",I-200-16286-667249 
CHICAGO ,ILLINOIS ,60603 ,COOK ,"SHOOLIN, INC. ",I-200-16300-079303 
SAN FRANCISCO ,CALIFORNIA ,94103 ,SAN FRANCISCO ,"SHOOLIN, INC. ",I-200-16286-671429 
HOLLYWOOD ,CALIFORNIA ,90038 ,LOS ANGELES ,"5 DESIGN, INC. ",I-200-16286-673681 
BURBANK ,CALIFORNIA ,91504 ,LOS ANGELES ,WOODRIDGE PRODUCTIONS LLC ,I-200-16288-115059 
BURBANK ,CALIFORNIA ,91505 ,LOS ANGELES ,WOODRIDGE PRODUCTIONS LLC ,I-200-16286-675474 
NEW ORLEANS ,LOUISIANA ,70121 ,JEFFERSON PARISH ,OCHSNER CLINIC FOUNDATION ,I-200-16231-639311 
SLIDELL ,LOUISIANA ,70461 ,ST. TAMMANY PARISH ,OCHSNER CLINIC FOUNDATION ,I-200-16231-964939 
ST. PETERSBURG ,FLORIDA ,33729 ,PINELLAS ,"HSN, INC. ",I-200-16173-281239 
ST. PETERSBURG ,FLORIDA ,33729 ,PINELLAS ,"HSN, INC. ",I-200-16077-622304 
IRVING ,TEXAS ,75039 ,DALLAS ,EMINENCE CONSULTING INC ,I-200-16343-798615 
ALPHARETTA ,GEORGIA ,30009 ,FULTON ,EMINENCE CONSULTING INC ,I-200-16286-692592 
DEERFEILD ,ILLINOIS ,60015 ,LAKE ,EMINENCE CONSULTING INC ,I-200-16286-727590 
REDMOND ,WASHINGTON ,98052 ,KING ,EMINENCE CONSULTING INC ,I-200-16194-141985 
REDWOOD SHORES ,CALIFORNIA ,94065 ,SAN MATEO ,"IMPERVA, INC. ",I-200-16348-161001 
REDWOOD SHORES ,CALIFORNIA ,94065 ,SAN MATEO ,"IMPERVA, INC. ",I-200-16335-343355 
REDWOOD SHORES ,CALIFORNIA ,94065 ,SAN MATEO ,"IMPERVA, INC. ",I-200-16312-241719 
IRVING ,TEXAS ,75063 ,DALLAS ,"IMPERVA, INC. ",I-200-16302-264803 
BENTONVILLE ,ARKANSAS ,72712 ,BENTON ,SHAMSUL ALAM M.D. ,I-200-16286-707553 
URBANDALE ,IOWA ,50322 ,POLK ,LAUNCH IT CORP ,I-200-16336-823182 
DES MOINES ,IOWA ,50392 ,POLK ,LAUNCH IT CORP ,I-200-16335-212393 
URBANDALE ,IOWA ,50322 ,POLK ,LAUNCH IT CORP ,I-200-16335-856984 
URBANDALE ,IOWA ,50322 ,POLK ,LAUNCH IT CORP ,I-200-16313-953039 
URBANDALE ,IOWA ,50322 ,POLK ,LAUNCH IT CORP ,I-200-16307-727689 
URBANDALE ,IOWA ,50322 ,POLK ,LAUNCH IT CORP ,I-200-16306-864693 
URBANDALE ,IOWA ,50322 ,POLK ,LAUNCH IT CORP ,I-200-16286-710031 
URBANDALE ,IOWA ,50322 ,POLK ,LAUNCH IT CORP ,I-200-16159-434473 
NORMAL ,ILLINOIS ,61761 ,MCLEAN ,"CELERITIFIN TECH SERVICES USA, INC. ",I-200-16286-713989 
MCLEAN ,VIRGINIA ,22102 ,FAIRFAX ,"CELERITIFIN TECH SERVICES USA, INC. ",I-200-16286-895405 
DULUTH ,GEORGIA ,30097 ,GWINNETT ,"SIMEIO SOLUTIONS, LLC ",I-200-16313-249286 
DUNWOODY ,GEORGIA ,30338 ,DEKALB ,"SIMEIO SOLUTIONS, LLC ",I-200-16286-719831 
MIDDLEBORO ,MASSACHUSETTS ,02346 ,PLYMOUTH ,HIGH POINT TREATMENT CENTER ,I-200-16286-722378 
FARMINGTON ,CONNECTICUT ,06032 ,HARTFORD ,THE JACKSON LABORATORY ,I-200-16363-926593 
FARMINGTON ,CONNECTICUT ,06032 ,HARTFORD ,THE JACKSON LABORATORY ,I-200-16335-520104 
MEMPHIS ,TENNESSEE ,38103 ,SHELBY ,THE JACKSON LABORATORY ,I-200-16312-748532 
FARMINGTON ,CONNECTICUT ,06032 ,HARTFORD ,THE JACKSON LABORATORY ,I-200-16294-542182 
FARMINGTON ,CONNECTICUT ,06032 ,HARTFORD ,THE JACKSON LABORATORY ,I-200-16293-669314 
FARMINGTON ,CONNECTICUT ,06032 ,HARTFORD ,THE JACKSON LABORATORY ,I-200-16286-725680 
BAR HARBOR ,MAINE ,04609 ,HANCOCK ,THE JACKSON LABORATORY ,I-200-16265-792449 
BAR HARBOR ,MAINE ,04609 ,HANCOCK ,THE JACKSON LABORATORY ,I-200-16251-224635 
FARMINGTON ,CONNECTICUT ,06032 ,HARTFORD ,THE JACKSON LABORATORY ,I-200-16251-327038 
BAR HARBOR ,MAINE ,04609 ,HANCOCK ,THE JACKSON LABORATORY ,I-200-16222-510112 
FARMINGTON ,CONNECTICUT ,06032 ,HARTFORD ,THE JACKSON LABORATORY ,I-200-16239-182946 
FARMINGTON ,CONNECTICUT ,06032 ,HARTFORD ,THE JACKSON LABORATORY ,I-200-16237-532430 
STOUGHTON ,MASSACHUSETTS ,02072 ,NORFOLK ,ANGSTROM ADVANCED INC ,I-200-16286-728305 
STOUGHTON ,MASSACHUSETTS ,02072 ,NORFOLK ,ANGSTROM ADVANCED INC ,I-200-16286-927240 
HARTFORD ,CONNECTICUT ,06106 ,HARTFORD ,CONNECTICUT CHILDREN'S MEDICAL CENTER ,I-200-16286-742032 
CUPERTINO ,CALIFORNIA ,95014 ,SANTA CLARA ,A100 US LLC ,I-200-16348-911536 
CUPERTINO ,CALIFORNIA ,95014 ,SANTA CLARA ,A100 US LLC ,I-200-16348-662572 
CUPERTINO ,CALIFORNIA ,95014 ,SANTA CLARA ,A100 US LLC ,I-200-16323-601316 
CUPERTINO ,CALIFORNIA ,95014 ,SANTA CLARA ,A100 US LLC ,I-200-16319-889415 
CUPERTINO ,CALIFORNIA ,95014 ,SANTA CLARA ,A100 US LLC ,I-200-16315-667963 
CUPERTINO ,CALIFORNIA ,95014 ,SANTA CLARA ,A100 US LLC ,I-200-16305-513739 
EAST PALO ALTO ,CALIFORNIA ,94303 ,SAN MATEO ,A100 US LLC ,I-200-16286-743102 
LOUISVILLE ,KENTUCKY ,40299 ,JEFFERSON ,"MEDICREDIT, INC. ",I-200-16286-746162 
SAN FRANCISCO ,CALIFORNIA ,94105 ,SAN FRANCISCO ,"DOCUSIGN, INC. ",I-200-16336-049689 
SAN FRANCISCO ,CALIFORNIA ,94105 ,CALIFORNIA ,"DOCUSIGN, INC. ",I-200-16305-912536 
SEATTLE ,WASHINGTON ,98104 ,KING ,"DOCUSIGN, INC. ",I-200-16286-747334 
SEATTLE ,WASHINGTON ,98119 ,KING ,SEATTLE PACIFIC UNIVERSITY ,I-200-16286-748567 
MANSFIELD ,MASSACHUSETTS ,02048 ,BRISTOL ,"ELEMENT TECHNOLOGIES, INC. ",I-200-16305-422795 
CHICAGO ,ILLINOIS ,60607 ,COOK ,ELEMENT TECHNOLOGIES INC. ,I-200-16286-749058 
PASADENA ,CALIFORNIA ,91188 ,LOS ANGELES ,"ELEMENT TECHNOLOGIES, INC. ",I-200-16188-347256 
PASADENA ,CALIFORNIA ,91188 ,LOS ANGELES ,"ELEMENT TECHNOLOGIES, INC. ",I-200-16183-424875 
DUBLIN ,OHIO ,43017 ,FRANKLIN ,ELEMENT TECHNOLOGIES INC. ,I-200-16174-883474 
AUBURN HILLS ,MICHIGAN ,48326 ,OAKLAND ,ELEMENT TECHNOLOGIES INC. ,I-200-16166-905215 
LAKEVILLE ,MINNESOTA ,55044 ,DAKOTA ,B2B TECHNOLOGY INC ,I-200-16322-523626 
ROCHESTER ,MINNESOTA ,55905 ,OLMSTEAD ,B2B TECHNOLOGY INC ,I-200-16286-750081 
ELGIN ,ILLINOIS ,60124 ,KANE ,BOHLER-UDDEHOLM CORPORATION ,I-200-16288-940908 
ELGIN ,ILLINOIS ,60124 ,KANE ,BOHLER-UDDEHOLM CORPORATION ,I-200-16286-757252 
CULVER CITY ,CALIFORNIA ,90232 ,LOS ANGELES ,"X.COMMERCE, INC. ",I-200-16349-123344 
AUSTIN ,TEXAS ,78729 ,WILLIAMSON ,"X.COMMERCE, INC. ",I-200-16308-621356 
AUSTIN ,TEXAS ,78729 ,WILLIAMSON ,"X.COMMERCE, INC. ",I-200-16286-758136 
NEW YORK ,NEW YORK ,10001 ,NEW YORK ,CTA ARCHITECTS PC ,I-200-16286-758383 
MINNEAPOLIS ,MINNESOTA ,55401 ,HENNEPIN ,"CDI SOLUTIONS, INC. ",I-200-16364-253589 
MINNEAPOLIS ,MINNESOTA ,55401 ,HENNEPIN ,"CDI SOLUTIONS, INC. ",I-200-16349-489185 
PLEASANTON ,CALIFORNIA ,94588 ,ALAMEDA ,"CDI SOLUTIONS, INC. ",I-200-16286-762841 
ELMHURST ,ILLINOIS ,60126 ,DUPAGE ,"CDI SOLUTIONS, INC. ",I-200-16196-851660 
DALLAS ,TEXAS ,75211 ,DALLAS ,"GOLDEN RULE SCHOOLS, INC. ",I-200-16286-766402 
BRAINTREE ,MASSACHUSETTS ,02184 ,NORFOLK ,INSIGNIA TECHNOLOGY SERVICES LLC ,I-200-16286-768873 
ISSAQUAH ,WASHINGTON ,98027 ,KING ,COSTCO WHOLESALE CORPORATION ,I-200-16169-518575 
ISSAQUAH ,WASHINGTON ,98027 ,KING ,COSTCO WHOLESALE CORPORATION ,I-200-16142-020071 
ISSAQUAH ,WASHINGTON ,98027 ,KING ,COSTCO WHOLESALE CORPORATION ,I-200-16141-925839 
ISSAQUAH ,WASHINGTON ,98027 ,KING ,COSTCO WHOLESALE CORPORATION ,I-200-16144-477247 
ISSAQUAH ,WASHINGTON ,98027 ,KING ,COSTCO WHOLESALE CORPORATION ,I-200-16109-828215 
RALEIGH ,NORTH CAROLINA ,27560 ,WAKE ,"GDN INFOTECH, INC. ",I-200-16351-546514 
MENANDS ,NEW YORK ,12204 ,ALBANY ,"GDN INFOTECH, INC. ",I-200-16302-569326 
SAN ANTONIO ,TEXAS ,78288 ,BEXAR ,"GDN INFOTECH, INC. ",I-200-16299-879322 
ST. LOUIS ,MISSOURI ,63043 ,ST. LOUIS ,"GDN INFOTECH, INC. ",I-200-16298-082340 
HAGERSTOWN ,MARYLAND ,21740 ,WASHINGTON ,"GDN INFOTECH, INC. ",I-200-16288-646328 
BLOOMINGTON ,ILLINOIS ,61701 ,MCLEAN ,"GDN INFOTECH, INC. ",I-200-16286-780326 
BETHESDA ,MARYLAND ,20817 ,MONTGOMERY ,"GDN INFOTECH, INC. ",I-200-16264-355783 
BLOOMINGTON ,ILLINOIS ,61791 ,MCLEAN ,"GDN INFOTECH, INC. ",I-200-16258-947712 
ATLANTA ,GEORGIA ,30346 ,DEKALB ,"GDN INFOTECH, INC. ",I-200-16245-950321 
DEERFIELD ,ILLINOIS ,60015 ,LAKE ,"GDN INFOTECH, INC. ",I-200-16245-633882 
CARY ,NORTH CAROLINA ,27513 ,WAKE ,"GDN INFOTECH, INC. ",I-200-16203-497228 
OAKLAND ,CALIFORNIA ,94607 ,ALAMEDA ,"REZ-1, INC. ",I-200-16286-788122 
NEW YORK ,NEW YORK ,10001 ,NEW YORK ,"LISTEN FIRST MEDIA, LLC ",I-200-16286-790800 
