city,state,zipcode,county,employer_name,case_number
SEATTLE ,WASHINGTON ,98104 ,KING ,MCGRAW-HILL GLOBAL EDUCATION LLC ,I-200-16344-056910 
BOSTON ,MASSACHUSETTS ,02210 ,SUFFOLK ,"MCGRAW-HILL GLOBAL EDUCATION, LLC ",I-200-16337-340146 
NEW YORK ,NEW YORK ,10121 ,NEW YORK ,"MCGRAW-HILL GLOBAL EDUCATION, LLC ",I-200-16298-970526 
DALLAS ,TEXAS ,75201 ,DALLAS COUNTY ,LUMINANT ENERGY COMPANY LLC ,I-200-16197-753156 
LA JOLLA ,CALIFORNIA ,92037 ,SAN DIEGO ,THE SCRIPPS RESEARCH INSTITUTE ,I-200-16279-956073 
LA JOLLA ,CALIFORNIA ,92037 ,SAN DIEGO ,THE SCRIPPS RESEARCH INSTITUTE ,I-200-16183-139629 
LA JOLLA ,CALIFORNIA ,92037 ,SAN DIEGO ,THE SCRIPPS RESEARCH INSTITUTE ,I-200-16270-088748 
JUPITER ,FLORIDA ,33458 ,PALM BEACH ,"THE SCRIPPS RESEARCH INSTITUTE, SCRIPPS FLORIDA ",I-200-16263-553006 
LA JOLLA ,CALIFORNIA ,92037 ,SAN DIEGO ,THE SCRIPPS RESEARCH INSTITUTE ,I-200-16253-159296 
LA JOLLA ,CALIFORNIA ,92037 ,SAN DIEGO ,THE SCRIPPS RESEARCH INSTITUTE ,I-200-16244-661757 
LA JOLLA ,CALIFORNIA ,92037 ,SAN DIEGO ,THE SCRIPPS RESEARCH INSTITUTE ,I-200-16181-352336 
JUPITER ,FLORIDA ,33458 ,PALM BEACH ,"THE SCRIPPS RESEARCH INSTITUTE, SCRIPPS FLORIDA ",I-200-16147-127577 
SAN JOSE ,CALIFORNIA ,95134 ,SANTA CLARA COUNTY ,"ZSCALER, INC. ",I-200-16280-488188 
SAN JOSE ,CALIFORNIA ,95134 ,SANTA CLARA COUNTY ,"ZSCALER, INC. ",I-200-16271-180240 
SAN JOSE ,CALIFORNIA ,95134 ,SANTA CLARA ,"ZSCALER, INC. ",I-200-16271-446856 
SAN JOSE ,CALIFORNIA ,95134 ,SANTA CLARA ,"ZSCALER, INC. ",I-200-16119-050545 
SAN CARLOS ,CALIFORNIA ,94070 ,SAN MATEO ,MORRISON & FOERSTER LLP ,I-200-16335-295732 
MIAMI ,FLORIDA ,33131 ,MIAMI-DADE ,"MORRISON, BROWN, ARGIZ & FARRA, LLC ",I-200-16287-553170 
FORT WASHINGTON ,MARYLAND ,20744 ,PRINCE GEORGE'S COUNTY ,"ADVANCED MEDICAL & PROFESSIONAL SOLUTIONS, INC ",I-200-16224-101641 
TYSONS CORNER ,VIRGINIA ,22182 ,FAIRFAX ,"ADVANCED MEDICAL & PROFESSIONAL SOLUTIONS, INC ",I-200-16224-454821 
FALLS CHURCH ,VIRGINIA ,22043 ,FAIRFAX ,"ADVANCED MEDICAL & PROFESSIONAL SOLUTIONS, INC ",I-200-16224-933450 
THE WOODLANDS ,TEXAS ,77384 ,MONTGOMERY ,ADVANCED MEDICAL PHYSICS ,I-200-16131-079718 
ST. LOUIS ,MISSOURI ,63103 ,SAINT LOUIS CITY COUNTY ,"MARLABS, INC. ",I-200-16342-818643 
PISCATAWAY ,NEW JERSEY ,08854 ,MIDDLESEX COUNTY ,"MARLABS, INC. ",I-200-16336-684918 
WESTERVILLE ,OHIO ,43081 ,FRANKLIN COUNTY ,"MARLABS, INC. ",I-200-16334-659846 
MIAMI ,FLORIDA ,33178 ,MIAMI-DADE COUNTY ,"MARLABS, INC. ",I-200-16334-963519 
NEW YORK ,NEW YORK ,10011 ,NEW YORK COUNTY ,"MARLABS, INC. ",I-200-16334-440292 
NEW YORK ,NEW YORK ,10007 ,NEW YORK COUNTY ,"MARLABS, INC. ",I-200-16327-579499 
WASHINGTON ,DISTRICT OF COLUMBIA ,20024 ,DISTRICT OF COLUMBIA COUNTY ,"MARLABS, INC. ",I-200-16326-787742 
PARAMUS ,NEW JERSEY ,07652 ,BERGEN COUNTY ,"MARLABS, INC. ",I-200-16326-552541 
WALLINGFORD ,CONNECTICUT ,06492 ,NEW HAVEN COUNTY ,"MARLABS, INC. ",I-200-16322-390008 
ROCKVILLE ,MARYLAND ,20850 ,MONTGOMERY COUNTY ,"MARLABS, INC. ",I-200-16320-637147 
NEW YORK ,NEW YORK ,10038 ,NEW YORK COUNTY ,"MARLABS, INC. ",I-200-16172-330077 
HARRISON ,NEW YORK ,10528 ,WESTCHESTER COUNTY ,"MARLABS, INC. ",I-200-16319-235211 
REDMOND ,WASHINGTON ,98052 ,KING COUNTY ,"MARLABS, INC. ",I-200-16316-846336 
NEW YORK ,NEW YORK ,10285 ,NEW YORK COUNTY ,"MARLABS, INC. ",I-200-16315-809678 
URBANDALE ,IOWA ,50323 ,DALLAS COUNTY ,"MARLABS, INC. ",I-200-16314-524496 
COLUMBUS ,OHIO ,43240 ,DELAWARE COUNTY ,"MARLABS, INC. ",I-200-16313-216342 
BROOKLYN ,NEW YORK ,11201 ,KINGS COUNTY ,"MARLABS, INC. ",I-200-16313-401921 
MIDDLETOWN ,NEW JERSEY ,07748 ,MONMOUTH COUNTY ,"MARLABS, INC. ",I-200-16313-901642 
NORFOLK ,VIRGINIA ,23502 ,NORFOLK CITY COUNTY ,"MARLABS, INC. ",I-200-16313-927277 
PARAMUS ,NEW JERSEY ,07652 ,BERGEN COUNTY ,"MARLABS, INC. ",I-200-16312-287374 
RIDGEFIELD PARK ,NEW JERSEY ,07660 ,BERGEN COUNTY ,"MARLABS, INC. ",I-200-16312-372611 
NEW YORK ,NEW YORK ,10172 ,NEW YORK COUNTY ,"MARLABS, INC. ",I-200-16309-220279 
MIAMI ,FLORIDA ,33178 ,MIAMI-DADE COUNTY ,"MARLABS, INC. ",I-200-16309-329747 
SAINT LOUIS ,MISSOURI ,63103 ,SAINT LOUIS CITY COUNTY ,"MARLABS, INC. ",I-200-16309-886035 
MADISON ,WISCONSIN ,53783 ,DANE COUNTY ,"MARLABS, INC. ",I-200-16309-465788 
DURHAM ,NORTH CAROLINA ,27709 ,DURHAM COUNTY ,"MARLABS, INC. ",I-200-16308-628183 
OMAHA ,NEBRASKA ,68137 ,DOUGLAS COUNTY ,"MARLABS, INC. ",I-200-16308-710191 
LAKE OSWEGO ,OREGON ,97035 ,CLACKAMAS COUNTY ,"MARLABS, INC. ",I-200-16307-867386 
DES MOINES ,IOWA ,50322 ,POLK COUNTY ,"MARLABS, INC. ",I-200-16305-038830 
TAMPA ,FLORIDA ,33607 ,HILLSBOROUGH COUNTY ,"MARLABS, INC. ",I-200-16301-008780 
RIDGEFIELD PARK ,NEW JERSEY ,07660 ,BERGEN COUNTY ,"MARLABS, INC. ",I-200-16300-069778 
PALATINE ,ILLINOIS ,60067 ,COOK COUNTY ,"MARLABS, INC. ",I-200-16287-233349 
BETHESDA ,MARYLAND ,20814 ,MONTGOMERY COUNTY ,"MARLABS, INC. ",I-200-16280-410587 
BOSTON ,MASSACHUSETTS ,02110 ,SUFFOLK COUNTY ,"MARLABS, INC. ",I-200-16279-580802 
LUTHERVILLE-TIMONIUM ,MARYLAND ,21093 ,BALTIMORE COUNTY ,"MARLABS, INC. ",I-200-16278-783925 
IRVING ,TEXAS ,75038 ,DALLAS COUNTY ,"MARLABS, INC. ",I-200-16278-061920 
ENGLEWOOD ,COLORADO ,80112 ,ARAPAHOE COUNTY ,"MARLABS, INC. ",I-200-16277-882848 
ENGLEWOOD ,COLORADO ,80112 ,ARAPAHOE COUNTY ,"MARLABS, INC. ",I-200-16274-478036 
WHIPPANY ,NEW JERSEY ,07981 ,MORRIS COUNTY ,"MARLABS, INC. ",I-200-16274-789704 
NEW YORK CITY ,NEW YORK ,10004 ,NEW YORK COUNTY ,"MARLABS, INC. ",I-200-16273-213225 
ALPHARETTA ,GEORGIA ,30004 ,FULTON COUNTY ,"MARLABS, INC. ",I-200-16273-186738 
PHILADELPHIA ,PENNSYLVANIA ,19103 ,PHILADELPHIA COUNTY ,"MARLABS, INC. ",I-200-16271-006906 
AUSTIN ,TEXAS ,78754 ,TRAVIS COUNTY ,"MARLABS, INC. ",I-200-16270-106371 
WEST TRENTON ,NEW JERSEY ,08628 ,MERCER COUNTY ,"MARLABS, INC. ",I-200-16266-099818 
INVER GROVE HEIGHTS ,MINNESOTA ,55077 ,DAKOTA COUNTY ,"MARLABS, INC. ",I-200-16264-252908 
"SUNRISE, ",FLORIDA ,33323 ,BROWARD COUNTY ,"MARLABS CONSULTING, INC. ",I-200-16264-534394 
COLUMBIA ,MARYLAND ,21046 ,HOWARD COUNTY ,"MARLABS, INC. ",I-200-16263-689738 
PITTSBURGH ,PENNSYLVANIA ,15222 ,ALLEGHENY COUNTY ,"MARLABS, INC. ",I-200-16260-468567 
WAYNE ,PENNSYLVANIA ,19087 ,DELAWARE COUNTY ,"MARLABS, INC. ",I-200-16260-340174 
NEW ALBANY ,OHIO ,43054 ,FRANKLIN COUNTY ,"MARLABS, INC. ",I-200-16260-266279 
RESTON ,VIRGINIA ,20191 ,FAIRFAX COUNTY ,"MARLABS, INC. ",I-200-16260-781812 
RIDGEFIELD PARK ,NEW JERSEY ,07660 ,BERGEN COUNTY ,"MARLABS, INC. ",I-200-16260-587635 
SAN DIEGO ,CALIFORNIA ,92131 ,SAN DIEGO COUNTY ,"MARLABS, INC. ",I-200-16260-289909 
NEW YORK ,NEW YORK ,10018 ,NEW YORK COUNTY ,"MARLABS, INC. ",I-200-16253-793941 
BETHESDA ,MARYLAND ,20894 ,MONTGOMERY COUNTY ,"MARLABS, INC. ",I-200-16242-628244 
NEW YORK ,NEW YORK ,10007 ,NEW YORK COUNTY ,"MARLABS, INC. ",I-200-16231-970926 
RICHARDSON ,TEXAS ,75082 ,COLLIN COUNTY ,"MARLABS, INC. ",I-200-16229-982050 
BLOOMINGTON ,ILLINOIS ,61791 ,MCLEAN COUNTY ,"MARLABS, INC. ",I-200-16229-946357 
RICHARDSON ,TEXAS ,75081 ,DALLAS COUNTY ,"MARLABS, INC. ",I-200-16228-807466 
INVER GROVE HEIGHTS ,MINNESOTA ,55077 ,DAKOTA COUNTY ,"MARLABS, INC. ",I-200-16221-972566 
BRANCHBURG ,NEW JERSEY ,08876 ,SOMERSET COUNTY ,"MARLABS, INC. ",I-200-16211-749719 
SUNNYVALE ,CALIFORNIA ,94086 ,SANTA CLARA COUNTY ,"MARLABS, INC. ",I-200-16201-985198 
BOSTON ,MASSACHUSETTS ,02110 ,SUFFOLK COUNTY ,"MARLABS, INC. ",I-200-16201-702348 
YORKTOWN HEIGHTS ,NEW YORK ,10598 ,WESTCHESTER COUNTY ,"MARLABS, INC. ",I-200-16196-659548 
NEW YORK ,NEW YORK ,10001 ,NEW YORK COUNTY ,"MARLABS, INC. ",I-200-16195-096322 
WASHINGTON ,DISTRICT OF COLUMBIA ,20016 ,DISTRICT OF COLUMBIA COUNTY ,"MARLABS, INC. ",I-200-16193-395103 
"OWINGS MILLS, ",MARYLAND ,21117 ,BALTIMORE COUNTY ,"MARLABS CONSULTING, INC. ",I-200-16160-242967 
EDGEWATER ,NEW JERSEY ,07020 ,BERGEN COUNTY ,"MARLABS, INC. ",I-200-16140-839074 
UNION ,NEW JERSEY ,07083 ,UNION COUNTY ,"MARLABS, INC ",I-200-16098-980316 
AUSTIN ,TEXAS ,78753 ,TRAVIS ,DELL MARKETING L.P. ,I-200-16327-416324 
AUSTIN ,TEXAS ,78737 ,HAYS ,DELL MARKETING L.P. ,I-200-16323-630332 
PLANO ,TEXAS ,75075 ,COLLIN ,DELL MARKETING L.P. ,I-200-16279-274114 
FRANKLIN ,MASSACHUSETTS ,02038 ,NORFOLK ,DELL MARKETING L.P. ,I-200-16274-354895 
PROVIDENCE ,RHODE ISLAND ,02908 ,PROVIDENCE ,DELL MARKETING L.P. ,I-200-16273-395161 
ANAHEIM ,CALIFORNIA ,92805 ,ORANGE ,DELL MARKETING L.P. ,I-200-16270-577727 
MEMPHIS ,TENNESSEE ,38117 ,SHELBY ,DELL MARKETING L.P. ,I-200-16257-343366 
PLANO ,TEXAS ,75075 ,COLLIN ,DELL MARKETING L.P. ,I-200-16267-001192 
MALVERN ,PENNSYLVANIA ,19355 ,CHETSER ,DELL MARKETING L.P. ,I-200-16267-689232 
PROVIDENCE ,RHODE ISLAND ,02908 ,PROVIDENCE ,DELL MARKETING L.P. ,I-200-16260-468568 
ROUND ROCK ,TEXAS ,78682 ,WILLIAMSON ,DELL MARKETING L.P. ,I-200-16266-628493 
PROVIDENCE ,RHODE ISLAND ,02908 ,PROVIDENCE ,DELL MARKETING L.P. ,I-200-16264-576793 
MCLEAN ,VIRGINIA ,22102 ,FAIRFAX ,DELL MARKETING L.P. ,I-200-16244-396626 
MCLEAN ,VIRGINIA ,22102 ,FAIRFAX ,DELL MARKETING L.P. ,I-200-16243-659703 
QUINCY ,MASSACHUSETTS ,02169 ,NORFOLK ,DELL MARKETING L.P. ,I-200-16242-961688 
MECHANICSVILLE ,VIRGINIA ,23116 ,HANOVER ,DELL MARKETING L.P. ,I-200-16207-522890 
ROCKY HILL ,CONNECTICUT ,06067 ,HARTFORD ,DELL MARKETING L.P. ,I-200-16225-670790 
PLANO ,TEXAS ,75075 ,COLLIN ,DELL MARKETING L.P. ,I-200-16195-881733 
CLAYTON ,MISSOURI ,63105 ,ST. LOUIS ,DELL MARKETING L.P. ,I-200-16196-618780 
WELLESLEY ,MASSACHUSETTS ,02481 ,NORFOLK ,DELL MARKETING L.P. ,I-200-16221-059793 
PLANO ,TEXAS ,75075 ,COLLIN ,DELL MARKETING L.P. ,I-200-16215-647255 
MILPITAS ,CALIFORNIA ,95035 ,SANTA CLARA ,DELL MARKETING L.P. ,I-200-16214-790733 
ANAHEIM ,CALIFORNIA ,92805 ,ORANGE ,DELL MARKETING L.P. ,I-200-16208-549980 
QUINCY ,MASSACHUSETTS ,02169 ,NORFOLK ,DELL MARKETING L.P. ,I-200-16204-541358 
ANAHEIM ,CALIFORNIA ,92805 ,ORANGE ,DELL MARKETING L.P. ,I-200-16197-183619 
QUINCY ,MASSACHUSETTS ,02169 ,NORFOLK ,DELL MARKETING L.P. ,I-200-16180-117826 
WELLESLEY ,MASSACHUSETTS ,02481 ,NORFOLK ,DELL MARKETING L.P. ,I-200-16160-563339 
QUINCY ,MASSACHUSETTS ,02169 ,NORFOLK ,DELL MARKETING L.P. ,I-200-16154-165314 
PHOENIX ,ARIZONA ,85013 ,MARICOPA ,DELL MARKETING L.P. ,I-200-16173-849873 
IRVINE ,CALIFORNIA ,92606 ,ORANGE ,DELL MARKETING L.P. ,I-200-16161-556914 
QUINCY ,MASSACHUSETTS ,02169 ,NORFOLK ,DELL MARKETING L.P. ,I-200-16162-407954 
IRVINE ,CALIFORNIA ,92614 ,ORANGE ,DELL MARKETING L.P. ,I-200-16162-768698 
PHOENIX ,ARIZONA ,85013 ,MARICOPA ,DELL MARKETING L.P. ,I-200-16159-056728 
CAMPBELL ,CALIFORNIA ,95008 ,SANTA CLARA ,DELL MARKETING L.P. ,I-200-16154-167855 
FREMONT ,CALIFORNIA ,94536 ,ALAMEDA ,DELL MARKETING L.P. ,I-200-16148-794869 
ROUND ROCK ,TEXAS ,78682 ,WILLIAMSON ,DELL MARKETING L.P. ,I-200-16144-087213 
AUSTIN ,TEXAS ,78753 ,TRAVIS ,DELL MARKETING L.P. ,I-200-16140-094706 
BUFFALO GROVE ,ILLINOIS ,60089 ,LAKE ,DELL MARKETING L.P. ,I-200-16125-786127 
ALBANY ,NEW YORK ,12229 ,ALBANY ,"DICE IT SOLUTIONS, LLC ",I-200-16362-422103 
COLUMBIA ,SOUTH CAROLINA ,29223 ,RICHLAND ,"DICE IT SOLUTIONS, LLC ",I-200-16336-051310 
WINOOSKI ,VERMONT ,05404 ,CHITTENDEN ,"DICE IT SOLUTIONS, LLC ",I-200-16312-586062 
NORTH BRUNSWICK ,NEW JERSEY ,08902 ,MIDDLESEX ,"DICE IT SOLUTIONS, LLC ",I-200-16300-150856 
FLORENCE ,KENTUCKY ,41042 ,BOONE ,"DICE IT SOLUTIONS, LLC ",I-200-16279-556482 
RACINE ,WISCONSIN ,53403-2236 ,WISCONSIN ,"S. C. JOHNSON & SON, INC. ",I-200-16270-902158 
NOVI ,MICHIGAN ,48374 ,OAKLAND ,MIRACLE SOFTWARE SYSYTEMS INC ,I-200-16350-030077 
NOVI ,MICHIGAN ,48374 ,OAKLAND ,MIRACLE SOFTWARE SYSYTEMS INC ,I-200-16347-750998 
NOVI ,MICHIGAN ,48374 ,OAKLAND ,MIRACLE SOFTWARE SYSYTEMS INC ,I-200-16341-600079 
NOVI ,MICHIGAN ,48374 ,OAKLAND ,MIRACLE SOFTWARE SYSYTEMS INC ,I-200-16336-357871 
NOVI ,MICHIGAN ,48374 ,OAKLAND ,MIRACLE SOFTWARE SYSYTEMS INC ,I-200-16336-106537 
NOVI ,MICHIGAN ,48374 ,OAKLAND ,MIRACLE SOFTWARE SYSYTEMS INC ,I-200-16316-028157 
NOVI ,MICHIGAN ,48374 ,OAKLAND ,MIRACLE SOFTWARE SYSYTEMS INC ,I-200-16309-085744 
NOVI ,MICHIGAN ,48374 ,OAKLAND ,MIRACLE SOFTWARE SYSYTEMS INC ,I-200-16309-430633 
NOVI ,MICHIGAN ,48374 ,OAKLAND ,MIRACLE SOFTWARE SYSYTEMS INC ,I-200-16307-490091 
NOVI ,MICHIGAN ,48374 ,OAKLAND ,MIRACLE SOFTWARE SYSYTEMS INC ,I-200-16306-880770 
NOVI ,MICHIGAN ,48374 ,OAKLAND ,MIRACLE SOFTWARE SYSYTEMS INC ,I-200-16305-004983 
NOVI ,MICHIGAN ,48374 ,OAKLAND ,MIRACLE SOFTWARE SYSYTEMS INC ,I-200-16301-149851 
NOVI ,MICHIGAN ,48374 ,OAKLAND ,MIRACLE SOFTWARE SYSYTEMS INC ,I-200-16300-457118 
NOVI ,MICHIGAN ,48374 ,OAKLAND ,MIRACLE SOFTWARE SYSYTEMS INC ,I-200-16295-435261 
NOVI ,MICHIGAN ,48374 ,OAKLAND ,MIRACLE SOFTWARE SYSYTEMS INC ,I-200-16295-698962 
NOVI ,MICHIGAN ,48374 ,OAKLAND ,MIRACLE SOFTWARE SYSYTEMS INC ,I-200-16293-341205 
NOVI ,MICHIGAN ,48374 ,OAKLAND ,MIRACLE SOFTWARE SYSYTEMS INC ,I-200-16293-393049 
NOVI ,MICHIGAN ,48374 ,OAKLAND ,MIRACLE SOFTWARE SYSYTEMS INC ,I-200-16285-878476 
NOVI ,MICHIGAN ,48374 ,OAKLAND ,MIRACLE SOFTWARE SYSYTEMS INC ,I-200-16281-699632 
NOVI ,MICHIGAN ,48374 ,OAKLAND ,MIRACLE SOFTWARE SYSYTEMS INC ,I-200-16280-226084 
NOVI ,MICHIGAN ,48374 ,OAKLAND ,MIRACLE SOFTWARE SYSYTEMS INC ,I-200-16278-979486 
NOVI ,MICHIGAN ,48374 ,OAKLAND ,MIRACLE SOFTWARE SYSYTEMS INC ,I-200-16277-544129 
NOVI ,MICHIGAN ,48374 ,OAKLAND ,MIRACLE SOFTWARE SYSYTEMS INC ,I-200-16277-723382 
NOVI ,MICHIGAN ,48374 ,OAKLAND ,MIRACLE SOFTWARE SYSYTEMS INC ,I-200-16277-210041 
NOVI ,MICHIGAN ,48374 ,OAKLAND ,MIRACLE SOFTWARE SYSYTEMS INC ,I-200-16231-656282 
NOVI ,MICHIGAN ,48374 ,OKALAND ,MIRACLE SOFTWARE SYSYTEMS INC ,I-200-16222-430736 
NOVI ,MICHIGAN ,48374 ,OAKLAND ,MIRACLE SOFTWARE SYSYTEMS INC ,I-200-16222-441057 
NOVI ,MICHIGAN ,48374 ,OAKLAND ,MIRACLE SOFTWARE SYSYTEMS INC ,I-200-16221-508798 
NOVI ,MICHIGAN ,48374 ,OKALAND ,MIRACLE SOFTWARE SYSYTEMS INC ,I-200-16221-647493 
NOVI ,MICHIGAN ,48374 ,OAKLAND ,MIRACLE SOFTWARE SYSYTEMS INC ,I-200-16218-721219 
NOVI ,MICHIGAN ,48374 ,OAKLAND ,MIRACLE SOFTWARE SYSYTEMS INC ,I-200-16216-653656 
NOVI ,MICHIGAN ,48374 ,OAKLAND ,MIRACLE SOFTWARE SYSYTEMS INC ,I-200-16194-884688 
NOVI ,MICHIGAN ,48374 ,OAKLAND ,MIRACLE SOFTWARE SYSYTEMS INC ,I-200-16194-190535 
NOVI ,MICHIGAN ,48374 ,OAKLAND ,MIRACLE SOFTWARE SYSYTEMS INC ,I-200-16144-089203 
RICHARDSON ,TEXAS ,75080 ,DALLAS ,"LENNOX INDUSTRIES, INC. ",I-200-16293-945331 
CARROLLTON ,TEXAS ,75006 ,DALLAS ,LENNOX INDUSTRIES INC. ,I-200-16152-128636 
OXNARD ,CALIFORNIA ,93030 ,VENTURA ,"VOLKSWAGEN GROUP OF AMERICA, INC. ",I-200-16253-358125 
NEW YORK ,NEW YORK ,10028 ,NEW YORK ,THE METROPOLITAN MUSEUM OF ART ,I-200-16354-459176 
NEW YORK ,NEW YORK ,10028 ,NEW YORK COUNTY ,THE METROPOLITAN MUSEUM OF ART ,I-200-16274-682681 
NEW YORK ,NEW YORK ,10028 ,NEW YORK ,THE METROPOLITAN MUSEUM OF ART ,I-200-16272-232592 
NEW YORK ,NEW YORK ,10028 ,NEW YORK COUNTY ,THE METROPOLITAN MUSEUM OF ART ,I-200-16232-678976 
CAMBRIDGE ,MASSACHUSETTS ,02141 ,MIDDLESEX ,"FOUNDATION MEDICINE, INC. ",I-200-16281-540615 
BRIDGEWATER ,NEW JERSEY ,08807 ,SOMERSET ,"METLIFE GROUP, INC. ",I-200-16336-637406 
WHIPPANY ,NEW JERSEY ,07981 ,MORRIS ,"METLIFE GROUP, INC. ",I-200-16309-306713 
GREENVILLE ,SOUTH CAROLINA ,29607 ,GREENVILLE ,"METLIFE GROUP, INC. ",I-200-16279-484026 
CARY ,NORTH CAROLINA ,27513 ,WAKE ,"METLIFE GROUP, INC. ",I-200-16260-138803 
CARY ,NORTH CAROLINA ,27513 ,WAKE ,"METLIFE GROUP, INC. ",I-200-16253-037939 
TAMPA ,FLORIDA ,33647 ,HILLSBOROUGH ,"METLIFE GROUP, INC. ",I-200-16232-808741 
NEW YORK ,NEW YORK ,10021 ,NEW YORK ,NEW YORK SOCIETY FOR RELIEF OF RUPTURED & CRIPPLED ,I-200-16301-615599 
NEW YORK ,NEW YORK ,10021 ,NEW YORK ,NEW YORK SOCIETY FOR RELIEF OF RUPTURED &AMP; CRIPPLED ,I-200-16273-605120 
NEW YORK ,NEW YORK ,10021 ,NEW YORK ,NEW YORK SOCIETY FOR RELIEF OF RUPTURED &AMP; CRIPPLED ,I-200-16270-474823 
NEW YORK ,NEW YORK ,10021 ,NEW YORK ,NEW YORK SOCIETY FOR RELIEF OF RUPTURED &AMP; CRIPPLED ,I-200-16230-845610 
NEW YORK ,NEW YORK ,10021 ,NEW YORK ,NEW YORK SOCIETY FOR RELIEF OF RUPTURED &AMP; CRIPPLED ,I-200-16225-527389 
CARLSBAD ,CALIFORNIA ,92008 ,SAN DIEGO ,LIFE TECHNOLOGIES CORPORATION ,I-200-16350-345051 
PLEASANTON ,CALIFORNIA ,94566 ,ALAMEDA ,LIFE TECHNOLOGIES CORPORATION ,I-200-16322-648570 
CARLSBAD ,CALIFORNIA ,92008 ,SAN DIEGO ,LIFE TECHNOLOGIES CORPORATION ,I-200-16333-932389 
CARLSBAD ,CALIFORNIA ,92008 ,SAN DIEGO ,LIFE TECHNOLOGIES CORPORATION ,I-200-16321-851054 
CARLSBAD ,CALIFORNIA ,92008 ,SAN DIEGO ,LIFE TECHNOLOGIES CORPORATION ,I-200-16298-070627 
CARLSBAD ,CALIFORNIA ,92008 ,SAN DIEGO ,LIFE TECHNOLOGIES CORPORATION ,I-200-16299-838247 
CARLSBAD ,CALIFORNIA ,92008 ,SAN DIEGO ,LIFE TECHNOLOGIES CORPORATION ,I-200-16277-715158 
SOUTH SAN FRANCISCO ,CALIFORNIA ,94080 ,SAN MATEO ,LIFE TECHNOLOGIES CORPORATION ,I-200-16270-411512 
GRAND ISLAND ,NEW YORK ,14072 ,ERIE ,LIFE TECHNOLOGIES CORPORATION ,I-200-16224-553187 
AUSTIN ,TEXAS ,78744 ,TRAVIS ,LIFE TECHNOLOGIES CORPORATION ,I-200-16160-513485 
ANDOVER ,MASSACHUSETTS ,01810 ,ESSEX ,"SCHNEIDER ELECTRIC BUILDINGS AMERICAS, INC. ",I-200-16293-157136 
ATLANTA ,GEORGIA ,30339 ,COBB ,"APEX SYSTEMS, LLC ",I-200-16271-422119 
ATLANTA ,GEORGIA ,30339 ,COBB ,"APEX SYSTEMS, LLC ",I-200-16266-875555 
EL SEGUNDO ,CALIFORNIA ,90245 ,LOS ANGELES ,ONESTOP INTERNET INC. ,I-200-16320-703363 
E. RANCHO DOMINGUEZ ,CALIFORNIA ,90221 ,LOS ANGELES ,ONESTOP INTERNET INC. ,I-200-16194-541643 
E. RANCHO DOMINGUEZ ,CALIFORNIA ,90221 ,LOS ANGELES ,ONESTOP INTERNET INC. ,I-200-16141-967130 
SCOTTSDALE ,ARIZONA ,85260 ,MARICOPA ,"GODADDY.COM, LLC ",I-200-16354-801462 
TEMPE ,ARIZONA ,85284 ,MARICOPA ,"GODADDY.COM, LLC ",I-200-16351-248474 
KIRKLAND ,WASHINGTON ,98033 ,KING ,"GODADDY.COM, LLC ",I-200-16342-772661 
TEMPE ,ARIZONA ,85284 ,MARICOPA ,"GODADDY.COM, LLC ",I-200-16342-042126 
SUNNYVALE ,CALIFORNIA ,94089 ,SANTA CLARA ,"GODADDY.COM, LLC ",I-200-16313-608659 
KIRKLAND ,WASHINGTON ,98033 ,KING ,"GODADDY.COM, LLC ",I-200-16267-904653 
KIRKLAND ,WASHINGTON ,98033 ,KING ,"GODADDY.COM, LLC ",I-200-16266-659497 
KIRKLAND ,WASHINGTON ,98033 ,KING ,"GODADDY.COM, LLC ",I-200-16264-228140 
SUNNYVALE ,CALIFORNIA ,94089 ,SANTA CLARA ,"GODADDY.COM, LLC ",I-200-16159-543205 
SOUTH WINDSOR ,CONNECTICUT ,06074 ,HARTFORD ,WEBILENT TECHNOLOGY INC ,I-200-16356-807570 
SUNNYVALE ,CALIFORNIA ,94085 ,SANTA CLARA ,WEBILENT TECHNOLOGY INC ,I-200-16341-282916 
WINSTON-SALEM ,NORTH CAROLINA ,27107 ,FORSYTH ,WEBILENT TECHNOLOGY INC ,I-200-16340-080769 
BOTHELL ,WASHINGTON ,98021 ,KING ,WEBILENT TECHNOLOGY INC ,I-200-16307-359058 
GERMANTOWN ,MARYLAND ,20876 ,MONTGOMERY ,WEBILENT TECHNOLOGY INC ,I-200-16305-273850 
BURBANK ,CALIFORNIA ,91502 ,LOS ANGELES ,WEBILENT TECHNOLOGY INC ,I-200-16295-872451 
HANOVER ,MARYLAND ,21090 ,ANNE ARUNDEL ,WEBILENT TECHNOLOGY INC ,I-200-16285-481816 
PHOENIX ,ARIZONA ,85027 ,MARICOPA ,WEBILENT TECHNOLOGY INC ,I-200-16271-340314 
DUBLIN ,OHIO ,43016 ,FRANKLIN ,WEBILENT TECHNOLOGY INC ,I-200-16270-866953 
ATLANTA ,GEORGIA ,30326 ,FULTON ,WEBILENT TECHNOLOGY INC ,I-200-16270-324907 
ATLANTA ,GEORGIA ,30319 ,FULTON ,WEBILENT TECHNOLOGY INC ,I-200-16270-229803 
OLYMPIA ,WASHINGTON ,98504 ,THURSTON ,WEBILENT TECHNOLOGY INC ,I-200-16266-305173 
PHOENIX ,ARIZONA ,85050 ,MARICOPA ,WEBILENT TECHNOLOGY INC ,I-200-16244-413802 
MARLBOROUGH ,MASSACHUSETTS ,01752 ,MIDDLESEX ,WEBILENT TECHNOLOGY INC ,I-200-16201-765141 
RESTON ,VIRGINIA ,20190 ,FAIRFAX ,WEBILENT TECHNOLOGY INC ,I-200-16200-246256 
PHOENIX ,ARIZONA ,85027 ,MARICOPA ,WEBILENT TECHNOLOGY INC ,I-200-16200-492498 
HARTFORD ,CONNECTICUT ,06103 ,HARTFORD ,WEBILENT TECHNOLOGY INC ,I-200-16200-855303 
LAS VEGAS ,NEVADA ,89135 ,CLARK ,WEBILENT TECHNOLOGY INC ,I-200-16200-939732 
WINSTON-SALEM ,NORTH CAROLINA ,27107 ,FORSYTH ,WEBILENT TECHNOLOGY INC ,I-200-16200-088091 
NEW YORK ,NEW YORK ,10019 ,NEW YORK ,WEBILENT TECHNOLOGY INC ,I-200-16182-604685 
HOUSTON ,TEXAS ,77092 ,HARRIS ,WEBILENT TECHNOLOGY INC ,I-200-16144-429528 
BELLEVUE ,WASHINGTON ,98007 ,KING ,"SAMSUNG ELECTRONICS AMERICA, INC. ",I-200-16342-460404 
RICHARDSON ,TEXAS ,75082 ,COLLIN ,"SAMSUNG ELECTRONICS AMERICA, INC. ",I-200-16350-663449 
BRIDGEWATER ,NEW JERSEY ,08807 ,SOMERSET ,"SAMSUNG ELECTRONICS AMERICA, INC. ",I-200-16340-099261 
BELLEVUE ,WASHINGTON ,98007 ,KING ,"SAMSUNG ELECTRONICS AMERICA, INC. ",I-200-16337-667433 
BELLEVUE ,WASHINGTON ,98007 ,KING ,"SAMSUNG ELECTRONICS AMERICA, INC. ",I-200-16328-745042 
RIDGEFIELD PARK ,NEW JERSEY ,07660 ,BERGEN ,"SAMSUNG ELECTRONICS AMERICA, INC. ",I-200-16334-498356 
BRIDGEWATER ,NEW JERSEY ,08807 ,SOMERSET ,"SAMSUNG ELECTRONICS AMERICA, INC. ",I-200-16335-911863 
RICHARDSON ,TEXAS ,75082 ,COLLIN ,"SAMSUNG ELECTRONICS AMERICA, INC. ",I-200-16326-541688 
NEW YORK ,NEW YORK ,10011 ,NEW YORK ,"SAMSUNG ELECTRONICS AMERICA, INC. ",I-200-16320-130678 
RIDGEFIELD PARK ,NEW JERSEY ,07660 ,BERGEN ,"SAMSUNG ELECTRONICS AMERICA, INC. ",I-200-16320-774984 
MOUNTAIN VIEW ,CALIFORNIA ,94043 ,SANTA CLARA ,"SAMSUNG ELECTRONICS AMERICA, INC. ",I-200-16295-680974 
MOUNTAIN VIEW ,CALIFORNIA ,94043 ,SANTA CLARA ,"SAMSUNG ELECTRONICS AMERICA, INC. ",I-200-16295-384029 
MOUNTAIN VIEW ,CALIFORNIA ,94043 ,SANTA CLARA ,"SAMSUNG ELECTRONICS AMERICA, INC. ",I-200-16291-110393 
MOUNTAIN VIEW ,CALIFORNIA ,94043 ,SANTA CLARA ,"SAMSUNG ELECTRONICS AMERICA, INC. ",I-200-16285-493168 
RIDGEFIELD PARK ,NEW JERSEY ,07660 ,DENTON ,"SAMSUNG ELECTRONICS AMERICA, INC. ",I-200-16285-214614 
MOUNTAIN VIEW ,CALIFORNIA ,94043 ,SANTA CLARA ,"SAMSUNG ELECTRONICS AMERICA, INC. ",I-200-16272-753288 
MOUNTAIN VIEW ,CALIFORNIA ,94043 ,SANTA CLARA ,"SAMSUNG ELECTRONICS AMERICA, INC. ",I-200-16272-807692 
RIDGEFIELD PARK ,NEW JERSEY ,07660 ,BERGEN ,"SAMSUNG ELECTRONICS AMERICA, INC. ",I-200-16270-855673 
RICHARDSON ,TEXAS ,75082 ,COLLIN ,"SAMSUNG ELECTRONICS AMERICA, INC. ",I-200-16260-489302 
RICHARDSON ,TEXAS ,75082 ,COLLIN ,"SAMSUNG ELECTRONICS AMERICA, INC. ",I-200-16258-356537 
BRIDGEWATER ,NEW JERSEY ,08807 ,SOMERSET ,"SAMSUNG ELECTRONICS AMERICA, INC. ",I-200-16161-643070 
BRIDGEWATER ,NEW JERSEY ,08807 ,SOMERSET ,"SAMSUNG ELECTRONICS AMERICA, INC. ",I-200-16160-073647 
NEW YORK ,NEW YORK ,10167 ,NEW YORK ,SOCIETE GENERALE ,I-200-16294-982209 
NEW YORK ,NEW YORK ,110167 ,NEW YORK ,SOCIETE GENERALE ,I-200-16273-481185 
NEW YORK ,NEW YORK ,10167 ,NEW YORK ,SOCIETE GENERALE ,I-200-16271-934974 
NEW YORK ,NEW YORK ,10167 ,NEW YORK ,SOCIETE GENERALE ,I-200-16155-630337 
PITTSBURGH ,PENNSYLVANIA ,15205 ,ALLEGHENY ,SCIOINSPIRE CORPORATION ,I-200-16339-629386 
PITTSBURGH ,PENNSYLVANIA ,15205 ,ALLEGHENY ,SCIOINSPIRE CORPORATION ,I-200-16312-176052 
JACKSONVILLE ,FLORIDA ,32223 ,DUVALL ,SCIOINSPIRE CORPORATION ,I-200-16271-736149 
JACKSONVILLE ,FLORIDA ,32223 ,DUVAL ,SCIOINSPIRE CORPORATION ,I-200-16236-168983 
CHICAGO ,ILLINOIS ,60661 ,COOK ,RBS SECURITIES INC. ,I-200-16235-138231 
STAMFORD ,CONNECTICUT ,06901 ,FAIRFIELD ,RBS SECURITIES INC. ,I-200-16259-370366 
STONY BROOK ,NEW YORK ,11794-5222 ,SUFFOLK ,RESEARCH FOUNDATION OF THE STATE UNIVERSITY OF NEW YORK ,I-200-16350-194510 
STONY BROOK ,NEW YORK ,11794-8651 ,SUFFOLK ,RESEARCH FOUNDATION OF THE STATE UNIVERSITY OF NEW YORK ,I-200-16295-586292 
STONY BROOK ,NEW YORK ,11794-2323 ,SUFFOLK ,RESEARCH FOUNDATION OF THE STATE UNIVERSITY OF NEW YORK ,I-200-16314-032659 
UPTON ,NEW YORK ,11973 ,SUFFOLK ,RESEARCH FOUNDATION OF THE STATE UNIVERSITY OF NEW YORK ,I-200-16299-877673 
UPTON ,NEW YORK ,11973 ,SUFFOLK ,RESEARCH FOUNDATION OF THE STATE UNIVERSITY OF NEW YORK ,I-200-16300-448611 
UPTON ,NEW YORK ,11973 ,SUFFOLK ,RESEARCH FOUNDATION OF THE STATE UNIVERSITY OF NEW YORK ,I-200-16295-033048 
STONY BROOK ,NEW YORK ,11794-2275 ,SUFFOLK ,RESEARCH FOUNDATION OF THE STATE UNIVERSITY OF NEW YORK ,I-200-16295-293576 
STONY BROOK ,NEW YORK ,11794-3600 ,SUFFOLK ,RESEARCH FOUNDATION OF THE STATE UNIVERSITY OF NEW YORK ,I-200-16294-531076 
ISLANDIA ,NEW YORK ,11749 ,SUFFOLK ,RESEARCH FOUNDATION OF THE STATE UNIVERSITY OF NEW YORK ,I-200-16243-121580 
STONY BROOK ,NEW YORK ,11794 ,SUFFOLK ,RESEARCH FOUNDATION OF THE STATE UNIVERSITY OF NEW YORK ,I-200-16267-533247 
STONY BROOK ,NEW YORK ,11794 ,SUFFOLK ,RESEARCH FOUNDATION OF THE STATE UNIVERSITY OF NEW YORK ,I-200-16216-087191 
BURLINGTON ,MASSACHUSETTS ,01803 ,MIDDLESEX ,"AVID TECHNOLOGY, INC. ",I-200-16340-852083 
ATLANTA ,GEORGIA ,30305 ,FULTON ,"AVID TECHNOLOGY, INC. ",I-200-16278-010819 
BURLINGTON ,MASSACHUSETTS ,01803 ,MIDDLESEX ,"AVID TECHNOLOGY, INC. ",I-200-16222-342211 
BURLINGTON ,MASSACHUSETTS ,01803 ,MIDDLESEX ,"AVID TECHNOLOGY, INC. ",I-200-16172-385022 
SUNNYVALE ,CALIFORNIA ,94086 ,SANTA CLARA ,NOKIA USA INC. ,I-200-16159-101945 
SUNNYVALE ,CALIFORNIA ,94086 ,SANTA CLARA ,NOKIA USA INC. ,I-200-16132-316317 
ROCKVILLE ,MARYLAND ,20850 ,MONTGOMERY ,"FINANCIAL INDUSTRY REGULATORY AUTHORITY, INC. ",I-200-16323-717655 
NEW YORK ,NEW YORK ,10281 ,NEW YORK ,"FINANCIAL INDUSTRY REGULATORY AUTHORITY, INC. ",I-200-16292-312853 
FAIR LAWN ,NEW JERSEY ,07410 ,BERGEN ,MICRON SYSTEMS INC. ,I-200-16305-466583 
GRANTS PASS ,OREGON ,97527 ,JOSEPHINE ,ASANTE PHYSICIAN PARTNERS ,I-200-16279-660772 
MEDFORD ,OREGON ,97504 ,JACKSON ,ASANTE PHYSICIAN PARTNERS ,I-200-16279-847084 
GRANTS PASS ,OREGON ,97527 ,JOSEPHINE ,ASANTE PHYSICIAN PARTNERS ,I-200-16275-853983 
MEDFORD ,OREGON ,97504 ,JACKSON ,ASANTE PHYSICIAN PARTNERS ,I-200-16273-397151 
GRANTS PASS ,OREGON ,97527 ,JOSEPHINE ,ASANTE PHYSICIAN PARTNERS ,I-200-16268-935960 
NEW YORK ,NEW YORK ,10005 ,NEW YORK ,"NYSE MARKET (DE), INC. ",I-200-16319-730400 
NEW YORK ,NEW YORK ,10005 ,NEW YORK ,"NYSE MARKET (DE), INC. ",I-200-16299-349542 
NEW YORK ,NEW YORK ,10005 ,NEW YORK ,"NYSE MARKET (DE), INC. ",I-200-16278-982158 
NEW YORK ,NEW YORK ,10005 ,NEW YORK ,"NYSE MARKET (DE), INC. ",I-200-16256-167472 
NEW YORK ,NEW YORK ,10005 ,NEW YORK ,"NYSE MARKET (DE), INC. ",I-200-16239-357338 
NEW YORK ,NEW YORK ,10005 ,NEW YORK ,"NYSE MARKET (DE), INC. ",I-200-16165-585115 
NEW YORK ,NEW YORK ,10005 ,NEW YORK ,"NYSE MARKET (DE), INC. ",I-200-16119-997885 
NEW YORK ,NEW YORK ,10005 ,NEW YORK ,"NYSE MARKET (DE), INC. ",I-200-16119-264076 
CHICAGO ,ILLINOIS ,60654 ,COOK ,"JUMP OPERATIONS, LLC ",I-200-16308-824289 
NEW YORK ,NEW YORK ,10010 ,NEW YORK ,"JUMP OPERATIONS, LLC ",I-200-16308-315229 
CHICAGO ,ILLINOIS ,60654 ,COOK ,"JUMP OPERATIONS, LLC ",I-200-16258-684759 
CHICAGO ,ILLINOIS ,60654 ,COOK ,"JUMP OPERATIONS, LLC ",I-200-16209-286802 
JUNO BEACH ,FLORIDA ,33408 ,PALM BEACH ,DIVENSI INC. ,I-200-16327-586259 
BELLEVUE ,WASHINGTON ,98007 ,KING ,DIVENSI INC ,I-200-16327-654113 
BELLEVUE ,WASHINGTON ,98007 ,KING ,DIVENSI INC. ,I-200-16245-851920 
HOUSTON ,TEXAS ,77070 ,HARRIS ,AZMETRY INC. ,I-200-16285-942441 
ORLANDO ,FLORIDA ,32819 ,ORANGE ,AZMETRY INC. ,I-200-16273-684882 
LONG ISLAND CITY ,NEW YORK ,11101 ,QUEENS ,AZMETRY INC. ,I-200-16266-932712 
DUBLIN ,OHIO ,43016 ,FRANKLIN ,AZMETRY INC. ,I-200-16265-162335 
SUNNYVALE ,CALIFORNIA ,94085 ,SANTA CLARA ,"MIRANTIS, INC. ",I-200-16320-842816 
NEW YORK ,NEW YORK ,10019 ,NEW YORK ,"NOMURA SECURITIES INTERNATIONAL, INC. ",I-200-16281-020252 
NEW YORK ,NEW YORK ,10019 ,NEW YORK ,"NOMURA SECURITIES INTERNATIONAL, INC. ",I-200-16187-503253 
NEW YORK ,NEW YORK ,10019 ,NEW YORK ,"NOMURA SECURITIES INTERNATIONAL, INC. ",I-200-16098-753720 
NEW YORK ,NEW YORK ,10019 ,NEW YORK ,"NOMURA SECURITIES INTERNATIONAL, INC. ",I-200-16092-489600 
WALTHAM ,MASSACHUSETTS ,02451 ,MIDDLESEX ,"INTRALINKS, INC. ",I-200-16342-117812 
NEW YORK ,NEW YORK ,10017 ,NEW YORK ,"INTRALINKS, INC. ",I-200-16336-371292 
WALTHAM ,MASSACHUSETTS ,02451 ,MIDDLESEX ,"INTRALINKS, INC. ",I-200-16272-150802 
WALTHAM ,MASSACHUSETTS ,02451 ,MIDDLESEX ,"INTRALINKS, INC. ",I-200-16272-731804 
WALTHAM ,MASSACHUSETTS ,02451 ,MIDDLESEX ,"INTRALINKS, INC. ",I-200-16266-572041 
WALTHAM ,MASSACHUSETTS ,02451 ,MIDDLESEX ,"INTRALINKS, INC. ",I-200-16251-220630 
WALTHAM ,MASSACHUSETTS ,02451 ,MIDDLESEX COUNTY ,"INTRALINKS, INC. ",I-200-16215-970303 
WALTHAM ,MASSACHUSETTS ,02451 ,MIDDLESEX ,"INTRALINKS, INC. ",I-200-16166-176555 
WALTHAM ,MASSACHUSETTS ,02451 ,MIDDLESEX ,"INTRALINKS, INC. ",I-200-16167-056782 
WALTHAM ,MASSACHUSETTS ,02451 ,MIDDLESEX ,"INTRALINKS, INC. ",I-200-16168-900654 
WALTHAM ,MASSACHUSETTS ,02451 ,MIDDLESEX ,"INTRALINKS, INC. ",I-200-16153-695586 
LEBANON ,NEW HAMPSHIRE ,03756 ,GRAFTON ,DARTMOUTH COLLEGE ,I-200-16288-209464 
HANOVER ,NEW HAMPSHIRE ,03755 ,GRAFTON ,DARTMOUTH COLLEGE ,I-200-16279-710198 
HANOVER ,NEW HAMPSHIRE ,03755 ,GRAFTON ,DARTMOUTH COLLEGE ,I-200-16225-200829 
HANOVER ,NEW HAMPSHIRE ,03755 ,GRAFTON ,DARTMOUTH COLLEGE ,I-200-16207-382021 
HANOVER ,NEW HAMPSHIRE ,03755 ,GRAFTON ,DARTMOUTH COLLEGE ,I-200-16202-370014 
HANOVER ,NEW HAMPSHIRE ,03755 ,GRAFTON ,DARTMOUTH COLLEGE ,I-200-16197-486112 
NEW YORK ,NEW YORK ,10001 ,NEW YORK ,RECRUITING MINDS INC. ,I-200-16270-570080 
NEW YORK ,NEW YORK ,10001 ,NEW YORK ,RECRUITING MINDS INC. ,I-200-16270-911398 
PLANO ,TEXAS ,75024 ,COLLIN ,RECRUITING MINDS INC. ,I-200-16203-186703 
AGAT ,GUAM ,96928 ,GUAM ,TRISTAR TERMINALS GUAM INC. ,I-200-16286-324400 
SIGNAL HILL ,CALIFORNIA ,90755 ,LOS ANGELES ,TRISTAR RISK MANAGEMENT ,I-200-16272-425712 
AGAT ,GUAM ,96928 ,GUAM ,TRISTAR TERMINALS GUAM INC. ,I-200-16263-443437 
BEAVERTON ,OREGON ,97006 ,WASHINGTON ,NITYO INFOTECH CORP ,I-200-16328-625729 
VICTOR ,NEW YORK ,14564 ,ONTARIO ,NITYO INFOTECH CORP ,I-200-16328-316694 
GREENVILLE ,SOUTH CAROLINA ,29615 ,GREENVILLE ,NITYO INFOTECH CORP ,I-200-16279-297523 
SAN FRANCISCO ,CALIFORNIA ,94107 ,SAN FRANCISCO ,NITYO INFOTECH CORP ,I-200-16272-252116 
MINNEAPOLIS ,MINNESOTA ,55402 ,HENNEPIN ,NITYO INFOTECH CORP ,I-200-16214-396287 
SAN FRANCISCO ,CALIFORNIA ,94102 ,SAN FRANCISCO ,A MEDIUM CORPORATION ,I-200-16265-955014 
SIMI VALLEY ,CALIFORNIA ,93063 ,VENTURA ,DELL USA L.P. ,I-200-16333-091495 
SANTA CLARA ,CALIFORNIA ,95054 ,SANTA CLARA ,DELL USA L.P. ,I-200-16322-451763 
ROUND ROCK ,TEXAS ,78682 ,WILLIAMSON ,DELL USA L.P. ,I-200-16321-377830 
ROUND ROCK ,TEXAS ,78682 ,WILLIAMSON ,DELL USA L.P. ,I-200-16320-960802 
ROUND ROCK ,TEXAS ,78682 ,WILLIAMSON ,DELL USA L.P. ,I-200-16309-674146 
ROUND ROCK ,TEXAS ,78682 ,WILLIAMSON ,DELL USA L.P. ,I-200-16315-243763 
ROUND ROCK ,TEXAS ,78682 ,WILLIAMSON ,DELL USA L.P. ,I-200-16307-414756 
ROUND ROCK ,TEXAS ,78682 ,WILLIAMSON ,DELL USA L.P. ,I-200-16306-217997 
ROUND ROCK ,TEXAS ,78682 ,WILLIAMSON ,DELL USA L.P. ,I-200-16299-695443 
ROUND ROCK ,TEXAS ,78682 ,WILLIAMSON ,DELL USA L.P. ,I-200-16286-054382 
ROUND ROCK ,TEXAS ,78682 ,WILLIAMSON ,DELL USA L.P. ,I-200-16287-664255 
ROUND ROCK ,TEXAS ,78682 ,WILLIAMSON ,DELL USA L.P. ,I-200-16281-175036 
ROUND ROCK ,TEXAS ,78682 ,WILLIAMSON ,DELL USA L.P. ,I-200-16280-160359 
ROUND ROCK ,TEXAS ,78682 ,WILLIAMSON ,DELL USA L.P. ,I-200-16272-727968 
ROUND ROCK ,TEXAS ,78682 ,WILLIAMSON ,DELL USA L.P. ,I-200-16270-020134 
ROUND ROCK ,TEXAS ,78682 ,WILLIAMSON ,DELL USA L.P. ,I-200-16267-991168 
ROUND ROCK ,TEXAS ,78682 ,WILLIAMSON ,DELL USA L.P. ,I-200-16250-328466 
ROUND ROCK ,TEXAS ,78682 ,WILLIAMSON ,DELL USA L.P. ,I-200-16193-444359 
ROUND ROCK ,TEXAS ,78682 ,WILLIAMSON ,DELL USA L.P. ,I-200-16222-878487 
ROUND ROCK ,TEXAS ,78682 ,WILLIAMSON ,DELL USA L.P. ,I-200-16221-219223 
ROUND ROCK ,TEXAS ,78682 ,WILLIAMSON ,DELL USA L.P. ,I-200-16193-920732 
ROUND ROCK ,TEXAS ,78682 ,WILLIAMSON ,DELL USA L.P. ,I-200-16201-830673 
AUSTIN ,TEXAS ,78717 ,TRAVIS ,DELL USA L.P. ,I-200-16200-456142 
HOUSTON ,TEXAS ,77025 ,HARRIS ,DELL USA L.P. ,I-200-16190-390758 
ROUND ROCK ,TEXAS ,78682 ,WILLIAMSON ,DELL USA L.P. ,I-200-16160-803353 
ROUND ROCK ,TEXAS ,78682 ,WILLIAMSON ,DELL USA L.P. ,I-200-16161-217469 
ROUND ROCK ,TEXAS ,78682 ,WILLIAMSON ,DELL USA L.P. ,I-200-16154-935219 
ROUND ROCK ,TEXAS ,78682 ,WILLIAMSON ,DELL USA L.P. ,I-200-16146-064467 
ROUND ROCK ,TEXAS ,78682 ,WILLIAMSON ,DELL USA L.P. ,I-200-16096-423326 
ANOKA ,MINNESOTA ,55303 ,ANOKA ,"ETEK IT SERVICES, INC. ",I-200-16364-164021 
SAN FRANCISCO ,CALIFORNIA ,94105 ,SAN FRANCISCO ,"ETEK IT SERVICES, INC. ",I-200-16364-701665 
FRANKLIN LAKES ,NEW JERSEY ,07417 ,BERGEN ,"ETEK IT SERVICES, INC. ",I-200-16314-848727 
DUBLIN ,OHIO ,43017 ,FRANKLIN ,"ETEK IT SERVICES, INC. ",I-200-16305-899031 
MINNEAPOLIS ,MINNESOTA ,55479 ,HENNEPIN ,"ETEK IT SERVICES, INC. ",I-200-16305-591775 
SCHAUMBURG ,ILLINOIS ,60173 ,COOK ,"ETEK IT SERVICES, INC. ",I-200-16232-607362 
WOODBURY ,MINNESOTA ,55125 ,WASHINGTON ,"ETEK IT SERVICES, INC. ",I-200-16197-022046 
CHARLOTTESVILLE ,VIRGINIA ,22904 ,ALBEMARLE ,UNIVERSITY OF VIRGINIA ,I-200-16344-098341 
CHARLOTTESVILLE ,VIRGINIA ,22904 ,ALBEMARLE ,UNIVERSITY OF VIRGINIA ,I-200-16342-341733 
CHARLOTTESVILLE ,VIRGINIA ,22904 ,ALBEMARLE ,UNIVERSITY OF VIRGINIA ,I-200-16337-131551 
CHARLOTTESVILLE ,VIRGINIA ,22903 ,ALBEMARLE ,UNIVERSITY OF VIRGINIA HEALTH SERVICES FOUNDATION ,I-200-16322-007650 
CHARLOTTESVILLE ,VIRGINIA ,22904 ,ALBEMARLE ,UNIVERSITY OF VIRGINIA ,I-200-16322-309654 
CHARLOTTESVILLE ,VIRGINIA ,22904 ,ALBEMARLE ,UNIVERSITY OF VIRGINIA ,I-200-16319-989686 
CHARLOTTESVILLE ,VIRGINIA ,22904 ,ALBEMARLE ,UNIVERSITY OF VIRGINIA ,I-200-16316-687841 
CHARLOTTESVILLE ,VIRGINIA ,22904 ,ALBEMARLE ,UNIVERSITY OF VIRGINIA ,I-200-16314-103420 
CHARLOTTESVILLE ,VIRGINIA ,22904 ,ALBEMARLE ,UNIVERSITY OF VIRGINIA ,I-200-16306-279991 
CHARLOTTESVILLE ,VIRGINIA ,22904 ,ALBEMARLE ,UNIVERSITY OF VIRGINIA ,I-200-16302-178056 
CHARLOTTESVILLE ,VIRGINIA ,22904 ,ALBEMARLE ,UNIVERSITY OF VIRGINIA HEALTH SERVICES FOUNDATION ,I-200-16301-976575 
CHARLOTTESVILLE ,VIRGINIA ,22904 ,ALBEMARLE ,UNIVERSITY OF VIRGINIA ,I-200-16301-509307 
CHARLOTTESVILLE ,VIRGINIA ,22908 ,ALBEMARLE ,UNIVERSITY OF VIRGINIA ,I-200-16295-156832 
CHARLOTTESVILLE ,VIRGINIA ,22904 ,ALBEMARLE ,UNIVERSITY OF VIRGINIA ,I-200-16292-971500 
CHARLOTTESVILLE ,VIRGINIA ,22904 ,ALBEMARLE ,UNIVERSITY OF VIRGINIA ,I-200-16292-422049 
CHARLOTTESVILLE ,VIRGINIA ,22904 ,ALBEMARLE ,UNIVERSITY OF VIRGINIA ,I-200-16287-765350 
CHARLOTTESVILLE ,VIRGINIA ,22904 ,ALBEMARLE ,UNIVERSITY OF VIRGINIA ,I-200-16266-881638 
CHARLOTTESVILLE ,VIRGINIA ,22908 ,ALBEMARLE ,UNIVERSITY OF VIRGINIA ,I-200-16259-659207 
CHARLOTTESVILLE ,VIRGINIA ,22904 ,ALBEMARLE ,UNIVERSITY OF VIRGINIA ,I-200-16259-949734 
CHARLOTTESVILLE ,VIRGINIA ,22904 ,ALBEMARLE ,UNIVERSITY OF VIRGINIA ,I-200-16256-408830 
CHARLOTTESVILLE ,VIRGINIA ,22904 ,ALBEMARLE ,UNIVERSITY OF VIRGINIA ,I-200-16244-320777 
CHARLOTTESVILLE ,VIRGINIA ,22904 ,ALBEMARLE ,UNIVERSITY OF VIRGINIA ,I-200-16244-072252 
CHARLOTTESVILLE ,VIRGINIA ,22904 ,ALBEMARLE ,UNIVERSITY OF VIRGINIA ,I-200-16236-857150 
CHARLOTTESVILLE ,VIRGINIA ,22904 ,ALBEMARLE ,UNIVERSITY OF VIRGINIA ,I-200-16235-389000 
CHARLOTTESVILLE ,VIRGINIA ,22904 ,ALBEMARLE ,UNIVERSITY OF VIRGINIA ,I-200-16228-391361 
CHARLOTTESVILLE ,VIRGINIA ,22904 ,ALBEMARLE ,UNIVERSITY OF VIRGINIA ,I-200-16225-338323 
CHARLOTTESVILLE ,VIRGINIA ,22904 ,ALBEMARLE ,UNIVERSITY OF VIRGINIA ,I-200-16218-819141 
CHARLOTTESVILLE ,VIRGINIA ,22903 ,N/A ,THE COLLEGE FOUNDATION OF THE UNIVERSITY OF VIRGINIA ,I-200-16201-663393 
PLAINSBORO ,NEW JERSEY ,08536 ,MIDDLESEX ,"RESOURCESYS, INC. ",I-200-16351-891286 
FORT WORTH ,TEXAS ,76155 ,TARRANT ,"RESOURCESYS, INC. ",I-200-16323-874632 
ELLICOTT CITY ,MARYLAND ,21042 ,HOWARD ,"RESOURCESYS, INC. ",I-200-16315-588506 
ALPHARETTA ,GEORGIA ,30005 ,FULTON ,"RESOURCESYS, INC. ",I-200-16309-106342 
ALPHARETTA ,GEORGIA ,30022 ,FULTON ,"RESOURCESYS, INC. ",I-200-16297-981756 
FORT WORTH ,TEXAS ,76155 ,TARRANT ,"RESOURCESYS, INC. ",I-200-16288-945141 
WALTHAM ,MASSACHUSETTS ,02451 ,MIDDLESEX (WALTHAM) ,"RESOURCESYS, INC. ",I-200-16278-520334 
ATLANTA ,GEORGIA ,30328 ,FULTON COUNTY ,"ATKINS NORTH AMERICA, INC. ",I-200-16267-394239 
CALVERTON ,MARYLAND ,20705 ,PRICE GEORGE'S COUNTY ,"ATKINS NORTH AMERICA, INC. ",I-200-16263-325600 
DULLES ,VIRGINIA ,20166 ,LOUDOUN ,"CIGITAL, INC. ",I-200-16288-343461 
ATLANTA ,GEORGIA ,30308 ,FULTON ,"CIGITAL, INC. ",I-200-16264-031868 
DULLES ,VIRGINIA ,20166 ,LOUDOUN ,"CIGITAL, INC. ",I-200-16274-049300 
CEDAR RAPIDS ,IOWA ,52498 ,LINN ,ROCKWELL COLLINS INC. ,I-200-16340-045683 
MELBOURNE ,FLORIDA ,32901 ,BREVARD ,ROCKWELL COLLINS INC. ,I-200-16334-765839 
MELBOURNE ,FLORIDA ,32901 ,BREVARD ,ROCKWELL COLLINS INC. ,I-200-16327-647397 
IRVINE ,CALIFORNIA ,92606 ,ORANGE ,ROCKWELL COLLINS INC. ,I-200-16301-637962 
MELBOURNE ,FLORIDA ,32901 ,BREVARD ,ROCKWELL COLLINS INC. ,I-200-16298-941205 
MELBOURNE ,FLORIDA ,32901 ,BREVARD ,ROCKWELL COLLINS INC. ,I-200-16281-247881 
CHANDLER ,ARIZONA ,85225 ,MARICOPA ,ROCKWELL COLLINS INC. ,I-200-16218-226642 
CEDAR RAPIDS ,IOWA ,52498 ,LINN ,ROCKWELL COLLINS INC. ,I-200-16216-233592 
CEDAR RAPIDS ,IOWA ,52498 ,LINN ,ROCKWELL COLLINS INC. ,I-200-16176-700818 
CEDAR RAPIDS ,IOWA ,52498 ,LINN ,ROCKWELL COLLINS INC. ,I-200-16168-469788 
CEDAR RAPIDS ,IOWA ,52498 ,LINN ,ROCKWELL COLLINS INC. ,I-200-16169-473500 
CEDAR RAPIDS ,IOWA ,52498 ,LINN ,ROCKWELL COLLINS INC. ,I-200-16125-112874 
CEDAR RAPIDS ,IOWA ,52498 ,LINN ,ROCKWELL COLLINS INC. ,I-200-16124-650371 
CEDAR RAPIDS ,IOWA ,52498 ,LINN ,ROCKWELL COLLINS INC. ,I-200-16125-939663 
ANNAPOLIS ,MARYLAND ,21401 ,ANNE ARUNDEL ,"ROCKWELL COLLINS, INC. ",I-200-16123-537837 
CEDAR RAPIDS ,IOWA ,52498 ,LINN ,ROCKWELL COLLINS INC. ,I-200-16111-347834 
CEDAR RAPIDS ,IOWA ,52498 ,LINN ,ROCKWELL COLLINS INC. ,I-200-16106-446033 
PHOENIX ,ARIZONA ,85040 ,MARICOPA ,"APOLLO EDUCATION GROUP, INC. ",I-200-16174-929346 
PHOENIX ,ARIZONA ,85040 ,MARICOPA ,"APOLLO EDUCATION GROUP, INC. ",I-200-16105-376009 
PHOENIX ,ARIZONA ,85040 ,MARICOPA ,"APOLLO EDUCATION GROUP, INC. ",I-200-16097-039341 
SUNNYVALE ,CALIFORNIA ,94085 ,SANTA CLARA ,"RIVERBED TECHNOLOGY, INC. ",I-200-16342-407447 
CARY ,NORTH CAROLINA ,27518 ,WAKE ,"RIVERBED TECHNOLOGY, INC. ",I-200-16326-026072 
SUNNYVALE ,CALIFORNIA ,94085 ,SANTA CLARA ,"RIVERBED TECHNOLOGY, INC. ",I-200-16323-132696 
SAN FRANCISCO ,CALIFORNIA ,94107 ,SAN FRANCISCO ,"RIVERBED TECHNOLOGY, INC. ",I-200-16306-404854 
SAN FRANCISCO ,CALIFORNIA ,94107 ,SAN FRANCISCO ,"RIVERBED TECHNOLOGY, INC. ",I-200-16305-608331 
SAN FRANCISCO ,CALIFORNIA ,94107 ,SAN FRANCISCO ,"RIVERBED TECHNOLOGY, INC. ",I-200-16278-878883 
SAN FRANCISCO ,CALIFORNIA ,94107 ,SAN FRANCISCO ,"RIVERBED TECHNOLOGY, INC. ",I-200-16256-320478 
WATERBURY ,CONNECTICUT ,06710 ,NEW HAVEN ,"RIVERBED TECHNOLOGY, INC. ",I-200-16222-075794 
CARY ,NORTH CAROLINA ,27518 ,WAKE ,"RIVERBED TECHNOLOGY, INC. ",I-200-16211-864636 
SAN FRANCISCO ,CALIFORNIA ,94107 ,SAN FRANCISCO ,"RIVERBED TECHNOLOGY, INC. ",I-200-16145-399232 
COLLIERVILLE ,TENNESSEE ,38017 ,SHELBY ,"RIVERBED TECHNOLOGY, INC. ",I-200-16119-137797 
SUNNYVALE ,CALIFORNIA ,94085 ,SANTA CLARA ,"RIVERBED TECHNOLOGY, INC. ",I-200-16116-747925 
VERONA ,WISCONSIN ,53593 ,DANE ,EPIC SYSTEMS CORPORATION ,I-200-16193-364171 
VERONA ,WISCONSIN ,53593 ,DANE ,EPIC SYSTEMS CORPORATION ,I-200-16193-169276 
VERONA ,WISCONSIN ,53593 ,DANE ,EPIC SYSTEMS CORPORATION ,I-200-16193-949998 
IRVINE ,CALIFORNIA ,92697 ,ORANGE ,"UNIVERSITY OF CALIFORNIA, IRVINE ",I-200-16343-419310 
ORANGE ,CALIFORNIA ,92868 ,ORANGE ,"UNIVERSITY OF CALIFORNIA, IRVINE ",I-200-16286-839315 
IRVINE ,CALIFORNIA ,92697 ,ORANGE ,"UNIVERSITY OF CALIFORNIA, IRVINE ",I-200-16231-162759 
ORANGE ,CALIFORNIA ,92868 ,ORANGE ,"UNIVERSITY OF CALIFORNIA, IRVINE ",I-200-16232-460254 
IRVINE ,CALIFORNIA ,92697 ,ORANGE ,"UNIVERSITY OF CALIFORNIA, IRVINE ",I-200-16211-667246 
IRVINE ,CALIFORNIA ,92697 ,ORANGE ,"UNIVERSITY OF CALIFORNIA, IRVINE ",I-200-16211-385186 
IRVINE ,CALIFORNIA ,92697 ,ORANGE ,"UNIVERSITY OF CALIFORNIA, IRVINE ",I-200-16211-891006 
IRVINE ,CALIFORNIA ,92697 ,ORANGE ,"UNIVERSITY OF CALIFORNIA, IRVINE ",I-200-16211-652462 
IRVINE ,CALIFORNIA ,92697 ,ORANGE ,"UNIVERSITY OF CALIFORNIA, IRVINE ",I-200-16210-346080 
IRVINE ,CALIFORNIA ,92697 ,ORANGE ,"UNIVERSITY OF CALIFORNIA, IRVINE ",I-200-16209-274208 
IRVINE ,CALIFORNIA ,92697 ,ORANGE ,"UNIVERSITY OF CALIFORNIA, IRVINE ",I-200-16188-297938 
IRVINE ,CALIFORNIA ,92697 ,ORANGE ,"UNIVERSITY OF CALIFORNIA, IRVINE ",I-200-16152-840482 
IRVINE ,CALIFORNIA ,92697 ,ORANGE ,"UNIVERSITY OF CALIFORNIA, IRVINE ",I-200-16139-010102 
IRVINE ,CALIFORNIA ,92697 ,ORANGE ,"UNIVERSITY OF CALIFORNIA, IRVINE ",I-200-16137-563777 
IRVINE ,CALIFORNIA ,92697 ,ORANGE ,"UNIVERSITY OF CALIFORNIA, IRVINE ",I-200-16123-279144 
RIVERWOODS ,ILLINOIS ,60015 ,LAKE ,THE STUDENT LOAN CORPORATION ,I-200-16147-118082 
NORWALK ,CONNECTICUT ,10016 ,FAIRFIELD ,PRICELINE.COM LLC ,I-200-16344-873016 
NEW YORK ,NEW YORK ,10016 ,NEW YORK ,PRICELINE.COM LLC ,I-200-16334-135689 
NEW YORK ,NEW YORK ,10016 ,NEW YORK ,PRICELINE.COM LLC ,I-200-16300-617848 
NORWALK ,CONNECTICUT ,06854 ,FAIRFIELD ,PRICELINE.COM LLC ,I-200-16299-689266 
NEW YORK ,NEW YORK ,10016 ,NEW YORK ,PRICELINE.COM LLC ,I-200-16287-695399 
NORWALK ,CONNECTICUT ,06854 ,FAIRFIELD ,PRICELINE.COM LLC ,I-200-16207-983674 
NORWALK ,CONNECTICUT ,06854 ,FAIRFIELD ,PRICELINE.COM LLC ,I-200-16201-330319 
NORWALK ,CONNECTICUT ,06854 ,FAIRFIELD ,PRICELINE.COM LLC ,I-200-16162-895474 
NORWALK ,CONNECTICUT ,06854 ,FAIRFIELD ,PRICELINE.COM LLC ,I-200-16141-459877 
ATLANTA ,GEORGIA ,30328 ,FULTON ,"JACADA, INC. ",I-200-16109-657069 
NORTHBORO ,MASSACHUSETTS ,01532 ,WORCESTER ,"SAINT-GOBAIN CERAMICS & PLASTICS, INC. ",I-200-16343-751231 
SAN DIEGO ,CALIFORNIA ,92123 ,SAN DIEGO COUNTY ,"SAINT-GOBAIN SOLAR GARD, LLC ",I-200-16294-234983 
WAYNE ,NEW JERSEY ,07470 ,PASSAIC ,SAINT-GOBAIN PERFORMANCE PLASTICS CORPORATION ,I-200-16242-739291 
HOOSICK FALLS ,NEW YORK ,12090 ,RENSSELAER COUNTY ,SAINT-GOBAIN PERFORMANCE PLASTICS CORPORATION ,I-200-16226-732740 
NORTHBORO ,MASSACHUSETTS ,01532 ,WORCESTER COUNTY ,"SAINT-GOBAIN CERAMICS & PLASTICS, INC. ",I-200-16166-778683 
CHICAGO ,ILLINOIS ,60603 ,COOK ,"BAIN & COMPANY, INC. ",I-200-16159-219296 
WAYNE ,NEW JERSEY ,07470 ,PASSAIC ,SAINT-GOBAIN PERFORMANCE PLASTICS CORPORATION ,I-200-16116-063706 
CHANTILLY ,VIRGINIA ,20152 ,FAIRFAX ,"KAIZEN TECHNOLOGIES,NC. ",I-200-16274-587292 
SAN FRANCISCO ,CALIFORNIA ,94111 ,SAN FRANCISCO ,"CARRENTALS.COM, INC. ",I-200-16340-989420 
FLORENCE ,KENTUCKY ,41042 ,BOONE ,"MERITOR HEAVY VEHICLE SYSTEMS, LLC ",I-200-16281-083866 
FLETCHER ,NORTH CAROLINA ,28732 ,HENDERSON ,"MERITOR HEAVY VEHICLE SYSTEMS, LLC ",I-200-16281-348552 
AUSTIN ,TEXAS ,78753 ,TRAVIS ,DELL PRODUCTS L.P. ,I-200-16333-177133 
PLANO ,TEXAS ,75075 ,COLLIN ,DELL PRODUCTS L.P. ,I-200-16326-940064 
AUSTIN ,TEXAS ,78753 ,TRAVIS ,DELL PRODUCTS L.P. ,I-200-16326-242852 
ROUND ROCK ,TEXAS ,78682 ,WILLIAMSON ,DELL PRODUCTS L.P. ,I-200-16326-870058 
ROUND ROCK ,TEXAS ,78682 ,WILLIAMSON ,DELL PRODUCTS L.P. ,I-200-16316-454875 
AUSTIN ,TEXAS ,78753 ,TRAVIS ,DELL PRODUCTS L.P. ,I-200-16308-875072 
ROUND ROCK ,TEXAS ,78682 ,WILLIAMSON ,DELL PRODUCTS L.P. ,I-200-16293-767215 
AUSTIN ,TEXAS ,78753 ,TRAVIS ,DELL PRODUCTS L.P. ,I-200-16292-450251 
SEATTLE ,WASHINGTON ,98119 ,KING ,DELL PRODUCTS L.P. ,I-200-16285-439877 
ROUND ROCK ,TEXAS ,78682 ,WILLIAMSON ,DELL PRODUCTS L.P. ,I-200-16277-824434 
REDMOND ,WASHINGTON ,98052 ,KING ,DELL PRODUCTS L.P. ,I-200-16231-816449 
ROUND ROCK ,TEXAS ,78682 ,WILLIAMSON ,DELL PRODUCTS L.P. ,I-200-16270-925355 
PLANO ,TEXAS ,75075 ,COLLIN ,DELL PRODUCTS L.P. ,I-200-16266-182081 
ROUND ROCK ,TEXAS ,78682 ,WILLIAMSON ,DELL PRODUCTS L.P. ,I-200-16263-664533 
AUSTIN ,TEXAS ,78753 ,TRAVIS ,DELL PRODUCTS L.P. ,I-200-16260-725536 
AUSTIN ,TEXAS ,78753 ,TRAVIS ,DELL PRODUCTS L.P. ,I-200-16251-027920 
ROUND ROCK ,TEXAS ,78682 ,WILLIAMSON ,DELL PRODUCTS L.P. ,I-200-16231-306349 
ROUND ROCK ,TEXAS ,78682 ,WILLIAMSON ,DELL PRODUCTS L.P. ,I-200-16166-351180 
ROUND ROCK ,TEXAS ,78682 ,WILLIAMSON ,DELL PRODUCTS L.P. ,I-200-16180-703250 
PLANO ,TEXAS ,75075 ,COLLIN ,DELL PRODUCTS L.P. ,I-200-16176-944275 
AUSTIN ,TEXAS ,78753 ,TRAVIS ,DELL PRODUCTS L.P. ,I-200-16190-888699 
ROUND ROCK ,TEXAS ,78682 ,WILLIAMSON ,DELL PRODUCTS L.P. ,I-200-16176-588622 
ROUND ROCK ,TEXAS ,78682 ,WILLIAMSON ,DELL PRODUCTS L.P. ,I-200-16181-832375 
ROUND ROCK ,TEXAS ,78682 ,WILLIAMSON ,DELL PRODUCTS L.P. ,I-200-16168-705856 
SANTA CLARA ,CALIFORNIA ,95054 ,SANTA CLARA ,DELL PRODUCTS L.P. ,I-200-16169-211714 
AUSTIN ,TEXAS ,78753 ,TRAVIS ,DELL PRODUCTS L.P. ,I-200-16152-976915 
EDEN PRAIRIE ,MINNESOTA ,55344 ,HENNEPIN ,DELL PRODUCTS L.P. ,I-200-16148-352267 
AUSTIN ,TEXAS ,78753 ,TRAVIS ,DELL PRODUCTS L.P. ,I-200-16145-472380 
SANTA CLARA ,CALIFORNIA ,95054 ,SANTA CLARA ,DELL PRODUCTS L.P. ,I-200-16148-589097 
ROUND ROCK ,TEXAS ,78682 ,WILLIAMSON ,DELL PRODUCTS L.P. ,I-200-16146-981773 
ROUND ROCK ,TEXAS ,78681 ,WILLIAMSON ,DELL PRODUCTS L.P. ,I-200-16148-857678 
AUSTIN ,TEXAS ,78753 ,TRAVIS ,DELL PRODUCTS L.P. ,I-200-16146-590051 
ROUND ROCK ,TEXAS ,78682 ,WILLIAMSON ,DELL PRODUCTS L.P. ,I-200-16134-808220 
ROUND ROCK ,TEXAS ,78682 ,WILLIAMSON ,DELL PRODUCTS L.P. ,I-200-16125-962662 
ROUND ROCK ,TEXAS ,78682 ,WILLIAMSON ,DELL PRODUCTS L.P. ,I-200-16125-198630 
BOSTON ,MASSACHUSETTS ,02109 ,SUFFOLK ,SANTANDER BANK N.A. ,I-200-16342-526932 
BOSTON ,MASSACHUSETTS ,02109 ,SUFFOLK ,"SANTANDER BANK, N.A. ",I-200-16334-005923 
BOSTON ,MASSACHUSETTS ,02109 ,SUFFOLK ,"SANTANDER BANK, N.A. ",I-200-16326-956467 
BOSTON ,MASSACHUSETTS ,02109 ,SUFFOLK ,"SANTANDER BANK, N.A. ",I-200-16315-707043 
BOSTON ,MASSACHUSETTS ,02109 ,SUFFOLK ,SANTANDER BANK N.A. ,I-200-16299-374588 
DORCHESTER ,MASSACHUSETTS ,02125 ,SUFFOLK ,"SANTANDER BANK, N.A. ",I-200-16250-604779 
BOSTON ,MASSACHUSETTS ,02109 ,SUFFOLK ,"SANTANDER BANK, N.A. ",I-200-16221-896442 
BOSTON ,MASSACHUSETTS ,02109 ,SUFFOLK ,"SANTANDER BANK, N.A. ",I-200-16196-907479 
SANTA CLARA ,CALIFORNIA ,95054 ,SANTA CLARA ,"SQS BFSI, INC ",I-200-16340-393614 
SAN FRANCISCO ,CALIFORNIA ,94108 ,SAN FRANCISCO ,"SQS BFSI, INC (FKA THINKSOFT GLOBAL SERVICES INC) ",I-200-16314-290309 
LEXINGTON ,KENTUCKY ,40509 ,FAYETTE ,"SQS USA, INC. ",I-200-16309-491767 
FARMINGTON HILLS ,MICHIGAN ,48335 ,OAKLAND ,"HITACHI AUTOMOTIVE SYSTEMS AMERICAS, INC. ",I-200-16350-923507 
HARRODSBURG ,KENTUCKY ,40330 ,MERCER ,"HITACHI AUTOMOTIVE SYSTEMS AMERICAS, INC. ",I-200-16267-339037 
BEREA ,KENTUCKY ,40403 ,MADISON ,HITACHI AUTOMOTIVE SYSTEMS AMERICAS INC. ,I-200-16267-645033 
FARMINGTON HILLS ,MICHIGAN ,48335 ,OAKLAND ,"HITACHI AUTOMOTIVE SYSTEMS AMERICAS, INC. ",I-200-16270-679986 
FARMINGTON HILLS ,MICHIGAN ,48335 ,OAKLAND ,"HITACHI AUTOMOTIVE SYSTEMS AMERICAS, INC. ",I-200-16232-381918 
