city,state,zipcode,county,employer_name,case_number
SAN FRANCISCO ,CALIFORNIA ,94546 ,SAN FRANCISCO ,FUNDTECH CORPORATION ,I-200-16333-394693 
BURLINGTON ,MASSACHUSETTS ,01803 ,MIDDLESEX ,FUNDTECH CORPORATION ,I-200-16302-281839 
NEW YORK ,NEW YORK ,10005 ,NY ,FUNDTECH CORPORATION ,I-200-16229-671524 
INDIANAPOLIS ,INDIANA ,46204 ,MARION ,INDIANA UNIVERSITY HEALTH INC ,I-200-16306-244427 
INDIANAPOLIS ,INDIANA ,46219 ,MARION ,INDIANA UNIVERSITY HEALTH INC ,I-200-16301-671203 
MUNCIE ,INDIANA ,47303 ,DELAWARE ,"INDIANA UNIVERSITY HEALTH BALL MEMORIAL PHYSICIANS, INC. ",I-200-16267-856480 
ANDERSON ,INDIANA ,46011 ,MADISON ,"INDIANA UNIVERSITY HEALTH BALL MEMORIAL PHYSICIANS, INC. ",I-200-16256-175815 
WINCHESTER ,INDIANA ,47394 ,RANDOLPH ,"INDIANA UNIVERSITY HEALTH BALL MEMORIAL PHYSICIANS, INC. ",I-200-16256-175818 
DALEVILLE ,INDIANA ,47334 ,DELAWARE ,"INDIANA UNIVERSITY HEALTH BALL MEMORIAL PHYSICIANS, INC. ",I-200-16256-035836 
MUNCIE ,INDIANA ,47303 ,DELAWARE ,"INDIANA UNIVERSITY HEALTH BALL MEMORIAL PHYSICIANS, INC. ",I-200-16256-009625 
MUNCIE ,INDIANA ,47304 ,DELAWARE ,"INDIANA UNIVERSITY HEALTH BALL MEMORIAL PHYSICIANS, INC. ",I-200-16256-048733 
MUNCIE ,INDIANA ,47303 ,DELAWARE ,"INDIANA UNIVERSITY HEALTH BALL MEMORIAL PHYSICIANS, INC. ",I-200-16256-786539 
SAN FRANCISCO ,CALIFORNIA ,94107 ,SAN FRANCISCO ,"DUFFY & CO., CPAS, INC. ",I-200-16313-549980 
SAN FRANCISO ,CALIFORNIA ,94104 ,SAN FRANCISCO ,"DUFF & PHELPS, LLC ",I-200-16281-206385 
SANTA BARBARA ,CALIFORNIA ,93106 ,SANTA BARBARA ,UNIVERSITY OF CALIFORNIA AT SANTA BARBARA ,I-200-16323-169374 
SANTA BARBARA ,CALIFORNIA ,93106 ,SANTA BARBARA ,UNIVERSITY OF CALIFORNIA AT SANTA BARBARA ,I-200-16323-372806 
SANTA BARBARA ,CALIFORNIA ,93106 ,SANTA BARBARA ,UNIVERSITY OF CALIFORNIA AT SANTA BARBARA ,I-200-16314-239714 
SANTA BARBARA ,CALIFORNIA ,93106 ,SANTA BARBARA ,UNIVERSITY OF CALIFORNIA AT SANTA BARBARA ,I-200-16302-497115 
SANTA BARBARA ,CALIFORNIA ,93106 ,SANTA BARBARA ,UNIVERSITY OF CALIFORNIA AT SANTA BARBARA ,I-200-16279-482546 
SANTA BARBARA ,CALIFORNIA ,93106 ,SANTA BARBARA ,UNIVERSITY OF CALIFORNIA AT SANTA BARBARA ,I-200-16271-589352 
SANTA BARBARA ,CALIFORNIA ,93106 ,SANTA BARBARA ,UNIVERSITY OF CALIFORNIA AT SANTA BARBARA ,I-200-16265-559603 
SANTA BARBARA ,CALIFORNIA ,93106 ,SANTA BARBARA ,UNIVERSITY OF CALIFORNIA AT SANTA BARBARA ,I-200-16257-750255 
SANTA BARBARA ,CALIFORNIA ,93106 ,SANTA BARBARA ,UNIVERSITY OF CALIFORNIA AT SANTA BARBARA ,I-200-16243-423807 
SANTA BARBARA ,CALIFORNIA ,93106 ,SANTA BARBARA ,UNIVERSITY OF CALIFORNIA AT SANTA BARBARA ,I-200-16243-013217 
SANTA BARBARA ,CALIFORNIA ,93106 ,SANTA BARBARA ,UNIVERSITY OF CALIFORNIA AT SANTA BARBARA ,I-200-16242-020874 
SANTA BARBARA ,CALIFORNIA ,93106 ,SANTA BARBARA ,UNIVERSITY OF CALIFORNIA AT SANTA BARBARA ,I-200-16201-874753 
SANTA BARBARA ,CALIFORNIA ,93106 ,SANTA BARBARA ,UNIVERSITY OF CALIFORNIA AT SANTA BARBARA ,I-200-16194-545025 
SANTA BARBARA ,CALIFORNIA ,93106 ,SANTA BARBARA ,UNIVERSITY OF CALIFORNIA AT SANTA BARBARA ,I-200-16165-233728 
SANTA BARBARA ,CALIFORNIA ,93106 ,SANTA BARBARA ,UNIVERSITY OF CALIFORNIA AT SANTA BARBARA ,I-200-16159-954780 
MEMPHIS ,TENNESSEE ,38125 ,SHELBY ,"SPACE TIME INSIGHT, INC. ",I-200-16265-715510 
SAN MATEO ,CALIFORNIA ,94404 ,SAN MATEO ,"SPACE TIME INSIGHT, INC. ",I-200-16139-481478 
HOUSTON ,TEXAS ,77082 ,HARRIS ,"OUTSOURCE RESEARCH CONSULTING, INC. ",I-200-16358-892950 
HOUSTON ,TEXAS ,77082 ,HARRIS ,"OUTSOURCE RESEARCH CONSULTING, INC. ",I-200-16358-565094 
HOUSTON ,TEXAS ,77082 ,HARRIS ,"OUTSOURCE RESEARCH CONSULTING, INC. ",I-200-16358-377864 
HOUSTON ,TEXAS ,77082 ,HARRIS ,"OUTSOURCE RESEARCH CONSULTING, INC. ",I-200-16285-000643 
DURHAM ,NORTH CAROLINA ,27703 ,DURHAM ,VIGILANT TECHNOLOGIES LLC ,I-200-16344-874124 
NASHVILLLE ,TENNESSEE ,37217 ,DAVIDSON ,VIGILANT TECHNOLOGIES LLC ,I-200-16321-748039 
SUNNYVALE ,CALIFORNIA ,94089 ,SANTA CLARA ,VIGILANT TECHNOLOGIES LLC ,I-200-16316-268813 
SAN JOSE ,CALIFORNIA ,95134 ,SANTA CLARA ,VIGILANT TECHNOLOGIES LLC ,I-200-16300-683568 
DALLAS ,TEXAS ,75022 ,DENTON ,VIGILANT TECHNOLOGIES LLC ,I-200-16281-934632 
SAN JOSE ,CALIFORNIA ,95134 ,SANTA CLARA ,VIGILANT TECHNOLOGIES LLC ,I-200-16273-992512 
MENLO PARK ,CALIFORNIA ,94025 ,SAN MATEO ,VIGILANT TECHNOLOGIES LLC ,I-200-16273-473643 
HUNTERSVILLE ,NORTH CAROLINA ,28078 ,MECKLENBURG ,VIGILANT TECHNOLOGIES LLC ,I-200-16270-569824 
BOCA RATON ,FLORIDA ,33496 ,PALM BEACH ,VIGILANT TECHNOLOGIES LLC ,I-200-16259-462973 
TROY ,MICHIGAN ,48084 ,OAKLAND ,VIGILANT TECHNOLOGIES LLC ,I-200-16257-314172 
ROCKVILLE ,MARYLAND ,20850 ,MONTGOMERY ,VIGILANT TECHNOLOGIES LLC ,I-200-16228-884070 
TROY ,MICHIGAN ,48084 ,OAKLAND ,VIGILANT TECHNOLOGIES LLC ,I-200-16168-313506 
COLUMBUS ,OHIO ,43085 ,FRANKLIN ,VIGILANT TECHNOLOGIES LLC ,I-200-16110-044320 
HAYWARD ,CALIFORNIA ,94541 ,ALAMEDA ,"GENESIS ELDERCARE REHABILITATION SERVICES, LLC ",I-200-16348-589138 
CONCORD ,CALIFORNIA ,94521 ,CONTRA COSTA ,"GENESIS ELDERCARE REHABILITATION SERVICES, LLC ",I-200-16348-505569 
HAYWARD ,CALIFORNIA ,94541 ,ALAMEDA ,"GENESIS ELDERCARE REHABILITATION SERVICES, LLC ",I-200-16348-188488 
MECHANICSVILLE ,VIRGINIA ,23111 ,HANOVER ,"GENESIS ELDERCARE REHABILITATION SERVICES, LLC ",I-200-16300-453845 
RICHMOND ,VIRGINIA ,23233 ,HENRICO ,"GENESIS ELDERCARE REHABILITATION SERVICES, LLC ",I-200-16300-549042 
RICHMOND ,VIRGINIA ,23227 ,HENRICO ,"GENESIS ELDERCARE REHABILITATION SERVICES, LLC ",I-200-16300-183974 
ASHLAND ,VIRGINIA ,23005 ,HANOVER ,"GENESIS ELDERCARE REHABILITATION SERVICES, LLC ",I-200-16300-772933 
MIDLOTHIAN ,VIRGINIA ,23112 ,CHESTERFIELD ,"GENESIS ELDERCARE REHABILITATION SERVICES, LLC ",I-200-16286-754224 
RICHMOND ,VIRGINIA ,23233 ,HENRICO ,"GENESIS ELDERCARE REHABILITATION SERVICES, LLC ",I-200-16286-916363 
RICHMOND ,VIRGINIA ,23220-2903 ,RICHMOND CITY ,"GENESIS ELDERCARE REHABILITATION SERVICES, LLC ",I-200-16286-515944 
ANGLETON ,TEXAS ,77515 ,BRAZORIA ,"GENESIS ELDERCARE REHABILITATION SERVICES, LLC ",I-200-16285-492616 
HOUSTON ,TEXAS ,77025 ,HARRIS ,"GENESIS ELDERCARE REHABILITATION SERVICES, LLC ",I-200-16279-842628 
TYLER ,TEXAS ,75701 ,SMITH ,"GENESIS ELDERCARE REHABILITATION SERVICES, LLC ",I-200-16265-219761 
TYLER ,TEXAS ,75701 ,SMITH ,"GENESIS ELDERCARE REHABILITATION SERVICES, LLC ",I-200-16265-733769 
MONROE TOWNSHIP ,NEW JERSEY ,08831 ,MIDDLESEX ,"GENESIS ELDERCARE REHABILITATION SERVICES, LLC ",I-200-16243-656888 
EAST WINDSOR ,NEW JERSEY ,08520 ,MERCER ,"GENESIS ELDERCARE REHABILITATION SERVICES, LLC ",I-200-16243-906215 
MONROE TWP ,NEW JERSEY ,08831 ,MIDDLESEX ,"GENESIS ELDERCARE REHABILITATION SERVICES, LLC ",I-200-16243-448522 
FREEHOLD ,NEW JERSEY ,07728 ,MONMOUTH ,"GENESIS ELDERCARE REHABILITATION SERVICES, LLC ",I-200-16245-445771 
CHARLES TOWN ,WEST VIRGINIA ,25414 ,JEFFERSON ,"GENESIS ELDERCARE REHABILITATION SERVICES, LLC ",I-200-16204-398357 
MOUNTAINSIDE ,NEW JERSEY ,07092 ,UNION ,"GENESIS ELDERCARE REHABILITATION SERVICES, LLC ",I-200-16145-319344 
SOMERSET ,NEW JERSEY ,08873 ,SOMERSET ,"GENESIS ELDERCARE REHABILITATION SERVICES, LLC ",I-200-16145-657886 
WESTFIELD ,NEW JERSEY ,07090 ,UNION ,"GENESIS ELDERCARE REHABILITATION SERVICES, LLC ",I-200-16145-186440 
EDISON ,NEW JERSEY ,08818 ,MIDDLESEX ,"GENESIS ELDERCARE REHABILITATION SERVICES, LLC ",I-200-16145-691811 
LAKELAND ,FLORIDA ,33805-5005 ,POLK ,"GENESIS ELDERCARE REHABILITATION SERVICES, LLC ",I-200-16120-067687 
WINTER HAVEN ,FLORIDA ,33881 ,POLK ,"GENESIS ELDERCARE REHABILITATION SERVICES, LLC ",I-200-16120-776042 
LAKELAND ,FLORIDA ,33809-3926 ,POLK ,"GENESIS ELDERCARE REHABILITATION SERVICES, LLC ",I-200-16120-386942 
AUGUSTA ,MAINE ,04330 ,KENNEBEC ,"GENESIS ELDERCARE REHABILITATION SERVICES, LLC ",I-200-16119-346303 
FALMOUTH ,MAINE ,04105 ,CUMBERLAND ,"GENESIS ELDERCARE REHABILITATION SERVICES, LLC ",I-200-16119-102922 
SCARBOROUGH ,MAINE ,04074 ,CUMBERLAND ,"GENESIS ELDERCARE REHABILITATION SERVICES, LLC ",I-200-16119-596692 
STAMFORD ,CONNECTICUT ,06902 ,FAIRFIELD ,"COMPUCOM SYSTEMS, INC. ",I-200-16326-153133 
BELLEVUE ,WASHINGTON ,98006 ,KING ,"COMPUCOM SYSTEMS, INC. ",I-200-16117-282688 
TROY ,NEW YORK ,12180 ,RENSSELAER ,RENSSELAER POLYTECHNIC INSTITUTE ,I-200-16335-474996 
TROY ,NEW YORK ,12180 ,RENSSELAER ,RENSSELAER POLYTECHNIC INSTITUTE ,I-200-16327-615764 
TROY ,NEW YORK ,12180 ,RENSSELAER ,RENSSELAER POLYTECHNIC INSTITUTE ,I-200-16326-176527 
TROY ,NEW YORK ,12180 ,RENSSELAER ,RENSSELAER POLYTECHNIC INSTITUTE ,I-200-16319-605135 
TROY ,NEW YORK ,12180 ,RENSSELAER ,RENSSELAER POLYTECHNIC INSTITUTE ,I-200-16319-838799 
TROY ,NEW YORK ,12180 ,RENSSELAER ,RENSSELAER POLYTECHNIC INSTITUTE ,I-200-16285-263179 
TROY ,NEW YORK ,12180 ,RENSSELAER ,RENSSELAER POLYTECHNIC INSTITUTE ,I-200-16267-664728 
TROY ,NEW YORK ,12180 ,RENSSELAER ,RENSSELAER POLYTECHNIC INSTITUTE ,I-200-16266-546886 
TROY ,NEW YORK ,12180 ,RENSSELAER ,RENSSELAER POLYTECHNIC INSTITUTE ,I-200-16263-932935 
TROY ,NEW YORK ,12180 ,RENSSELAER ,RENSSELAER POLYTECHNIC INSTITUTE ,I-200-16244-136284 
LAKEWOOD ,COLORADO ,80228 ,JEFFERSON ,GOLDER ASSOCIATES INC. ,I-200-16309-024598 
NEW YORK ,NEW YORK ,10001 ,NEW YORK ,"R/GA MEDIA GROUP, INC. ",I-200-16307-900684 
NEW YORK ,NEW YORK ,10001 ,NEW YORK ,"R/GA MEDIA GROUP, INC. ",I-200-16092-327771 
SAN FRANCISCO ,CALIFORNIA ,94107 ,SAN FRANCISCO ,PREMISE DATA CORPORATION ,I-200-16287-269174 
SAN FRANCISCO ,CALIFORNIA ,94107 ,SAN FRANCISCO ,PREMISE DATA CORPORATION ,I-200-16287-868990 
SANTA CLARA ,CALIFORNIA ,95051 ,SANTA CLARA ,"ARRIS TECHNOLOGY, INC. ",I-200-16316-772373 
SUNNYVALE ,CALIFORNIA ,94089 ,SANTA CLARA ,"ARRIS TECHNOLOGY, INC. ",I-200-16295-495850 
LISLE ,ILLINOIS ,60532 ,DUPAGE ,"ARRIS TECHNOLOGY, INC. ",I-200-16168-325577 
PORTLAND ,OREGON ,97232 ,MULTNOMAH ,PACIFICORP ,I-200-16162-565856 
PORTLAND ,OREGON ,97232 ,MULTNOMAH ,PACIFICORP ,I-200-16123-799901 
DEARBORN ,MICHIGAN ,48124 ,WAYNE ,"EPITEC, INC. ",I-200-16340-805226 
SOUTHFIELD ,MICHIGAN ,48033 ,OAKLAND ,"EPITEC, INC. ",I-200-16326-999043 
DEARBORN ,MICHIGAN ,48126 ,WAYNE ,"EPITEC, INC. ",I-200-16316-636010 
DEARBORN ,MICHIGAN ,48126 ,WAYNE ,"EPITEC, INC. ",I-200-16309-181939 
DEARBORN ,MICHIGAN ,48126 ,WAYNE ,"EPITEC, INC. ",I-200-16309-251890 
DEARBORN ,MICHIGAN ,48126 ,WAYNE ,"EPITEC, INC. ",I-200-16299-508555 
MUSCATINE ,IOWA ,52761 ,MUSCATINE ,IOWA PHYSICIANS CLINIC MEDICAL FOUNDATION ,I-200-16274-274603 
DEARBORN ,MICHIGAN ,48126 ,WAYNE ,"EPITEC, INC. ",I-200-16291-163591 
MUSCATINE ,IOWA ,52761 ,MUSCATINE ,IOWA PHYSICIANS CLINIC MEDICAL FOUNDATION ,I-200-16274-318987 
SEGUIN ,TEXAS ,78155 ,GUADALUPE ,"EPITEC, INC. ",I-200-16287-373022 
MOLINE ,ILLINOIS ,61265 ,ROCK ISLAND ,IOWA PHYSICIANS CLINIC MEDICAL FOUNDATION ,I-200-16238-916596 
DEARBORN ,MICHIGAN ,48126 ,WAYNE ,"EPITEC, INC. ",I-200-16285-510391 
CEDAR FALLS ,IOWA ,50613 ,BLACK HAWK ,IOWA PHYSICIANS CLINIC MEDICAL FOUNDATION ,I-200-16148-211424 
DEARBORN ,MICHIGAN ,48121 ,WAYNE ,"EPITEC, INC. ",I-200-16243-916348 
DEARBORN ,MICHIGAN ,48126 ,WAYNE ,"EPITEC, INC. ",I-200-16305-555081 
CEDAR FALLS ,IOWA ,50613 ,BLACK HAWK ,IOWA PHYSICIANS CLINIC MEDICAL FOUNDATION ,I-200-16148-000612 
PALO ALTO ,CALIFORNIA ,94301 ,SANTA CLARA ,CRITEO CORP ,I-200-16334-357258 
PALO ALTO ,CALIFORNIA ,94301 ,SANTA CLARA ,CRITEO CORP ,I-200-16312-278271 
SAN FRANCISCO ,CALIFORNIA ,94107 ,SAN FRANCISCO ,CRITEO CORP ,I-200-16295-804350 
NEW YORK ,NEW YORK ,10016 ,NEW YORK ,CRITEO CORP ,I-200-16278-801945 
PALO ALTO ,CALIFORNIA ,94301 ,SANTA CLARA ,CRITEO CORP ,I-200-16273-497296 
PALO ALTO ,CALIFORNIA ,94301 ,SANTA CLARA ,CRITEO CORP ,I-200-16246-377265 
NEW YORK ,NEW YORK ,10016 ,NEW YORK ,CRITEO CORP ,I-200-16225-269105 
BOSTON ,MASSACHUSETTS ,02109 ,SUFFOLK ,CRITEO CORP ,I-200-16141-362917 
NEW YORK ,NEW YORK ,10016 ,NEW YORK ,CRITEO CORP ,I-200-16116-837631 
HOUSTON ,TEXAS ,77044 ,HARRIS ,"FMC TECHNOLOGIES, INC. ",I-200-16344-928532 
DEARBORN ,MICHIGAN ,48126 ,WAYNE ,"EPITEC, INC. ",I-200-16277-328070 
ALLEN PARK ,MICHIGAN ,48101 ,WAYNE ,"EPITEC, INC. ",I-200-16259-195651 
HOUSTON ,TEXAS ,77044 ,HARRIS ,"FMC TECHNOLOGIES, INC. ",I-200-16337-442419 
HOUSTON ,TEXAS ,77044 ,HARRIS ,"FMC TECHNOLOGIES, INC. ",I-200-16326-903585 
HOUSTON ,TEXAS ,77067 ,HARRIS ,"FMC TECHNOLOGIES, INC. ",I-200-16328-090853 
HOUSTON ,TEXAS ,77044 ,HARRIS ,"FMC TECHNOLOGIES, INC. ",I-200-16321-299618 
HOUSTON ,TEXAS ,77044 ,HARRIS ,"FMC TECHNOLOGIES, INC. ",I-200-16321-747275 
HOUSTON ,TEXAS ,77044 ,HARRIS ,"FMC TECHNOLOGIES, INC. ",I-200-16319-985482 
HOUSTON ,TEXAS ,77044 ,HARRIS ,"FMC TECHNOLOGIES, INC. ",I-200-16314-566882 
HOUSTON ,TEXAS ,77044 ,HARRIS ,"FMC TECHNOLOGIES, INC. ",I-200-16313-702480 
HOUSTON ,TEXAS ,77067 ,HARRIS ,"FMC TECHNOLOGIES, INC. ",I-200-16303-057254 
HOUSTON ,TEXAS ,77067 ,HARRIS ,"FMC TECHNOLOGIES, INC. ",I-200-16303-512722 
HOUSTON ,TEXAS ,77044 ,HARRIS ,"FMC TECHNOLOGIES, INC. ",I-200-16306-930967 
HOUSTON ,TEXAS ,77044 ,HARRIS ,"FMC TECHNOLOGIES, INC. ",I-200-16306-247794 
HOUSTON ,TEXAS ,77044 ,HARRIS ,"FMC TECHNOLOGIES, INC. ",I-200-16294-156092 
HOUSTON ,TEXAS ,77044 ,HARRIS ,"FMC TECHNOLOGIES, INC. ",I-200-16280-870206 
HOUSTON ,TEXAS ,77044 ,HARRIS ,"FMC TECHNOLOGIES, INC. ",I-200-16273-487750 
HOUSTON ,TEXAS ,77044 ,HARRIS ,"FMC TECHNOLOGIES, INC. ",I-200-16259-066535 
HOUSTON ,TEXAS ,77067 ,HARRIS ,"FMC TECHNOLOGIES, INC. ",I-200-16139-533044 
HOUSTON ,TEXAS ,77067 ,HARRIS ,"FMC TECHNOLOGIES, INC ",I-200-16070-001040 
SAN FRANCISCO ,CALIFORNIA ,94107 ,SAN FRANCISCO ,"SQUARETRADE, INC. ",I-200-16277-138603 
SAN FRANCISCO ,CALIFORNIA ,94107 ,SAN FRANCISCO ,"SQUARETRADE, INC. ",I-200-16127-344851 
NEW YORK ,NEW YORK ,10166 ,NEW YORK ,PAUL HASTINGS LLP ,I-200-16327-673899 
NEW YORK ,NEW YORK ,10119 ,NEW YORK ,"AECOM TECHNICAL SERVICES, INC. ",I-200-16340-077434 
NEW YORK ,NEW YORK ,10017 ,NEW YORK ,AECOM ,I-200-16305-354477 
MIAMI ,FLORIDA ,33126 ,MIAMI DADE ,"AECOM TECHNICAL SERVICES, INC. ",I-200-16313-214313 
TALLAHASSEE ,FLORIDA ,32317 ,LEON ,"AECOM TECHNICAL SERVICES, INC. ",I-200-16312-708347 
DALLAS ,TEXAS ,75207 ,DALLAS ,"AECOM TECHNICAL SERVICES, INC. ",I-200-16298-825437 
ARLINGTON ,VIRGINIA ,22201 ,ARLINGTON ,"AECOM TECHNICAL SERVICES, INC. ",I-200-16300-265034 
TAMPA ,FLORIDA ,33607 ,HILLSBOROUGH ,"AECOM TECHNICAL SERVICES, INC. ",I-200-16291-040332 
RALEIGH ,NORTH CAROLINA ,27607 ,WAKE ,"AECOM TECHNICAL SERVICES, INC. ",I-200-16273-664571 
SAN FRANCISCO ,CALIFORNIA ,94104 ,SAN FRANCISCO ,"AECOM TECHNICAL SERVICES, INC. ",I-200-16201-087527 
LOS ANGELES ,CALIFORNIA ,90071 ,LOS ANGELES ,"AECOM TECHNICAL SERVICES, INC. ",I-200-16194-930431 
CAMARILLO ,CALIFORNIA ,93012 ,VENTURA ,"AECOM TECHNICAL SERVICES, INC. ",I-200-16161-615970 
WEST PALM BEACH ,FLORIDA ,33411 ,PALM BEACH ,"AECOM TECHNICAL SERVICES, INC. ",I-200-16138-858694 
SANTA CLARA ,CALIFORNIA ,95054 ,SANTA CLARA ,"STMICROELECTRONICS, INC. ",I-200-16280-924008 
LIVONIA ,MICHIGAN ,48152 ,WAYNE ,"STMICROELECTRONICS, INC. ",I-200-16155-030955 
SOUTH SAN FRANCISCO ,CALIFORNIA ,94080 ,SAN MATEO ,MOODY'S INVESTORS SERVICE ,I-200-16244-705045 
NEW YORK ,NEW YORK ,10007 ,NEW YORK ,"MOODY'S INVESTORS SERVICE, INC. ",I-200-16229-031397 
NEW YORK ,NEW YORK ,10007 ,NEW YORK ,"MOODY'S INVESTORS SERVICE, INC. ",I-200-16182-804122 
NEW YORK ,NEW YORK ,10007 ,NEW YORK ,"MOODY'S INVESTORS SERVICE, INC. ",I-200-16146-022191 
SANTA CLARA ,CALIFORNIA ,95054 ,SANTA CLARA ,"BMC SOFTWARE, INC. ",I-200-16321-560198 
SANTA CLARA ,CALIFORNIA ,95054 ,SANTA CLARA ,"BMC SOFTWARE, INC. ",I-200-16293-311778 
SANTA CLARA ,CALIFORNIA ,95054 ,SANTA CLARA ,"BMC SOFTWARE, INC. ",I-200-16285-524250 
AUSTIN ,TEXAS ,78759 ,TRAVIS ,"BMC SOFTWARE, INC. ",I-200-16263-211118 
SANTA CLARA ,CALIFORNIA ,95054 ,SANTA CLARA ,"BMC SOFTWARE, INC. ",I-200-16239-285178 
HOUSTON ,TEXAS ,77042 ,HARRIS ,"BMC SOFTWARE, INC. ",I-200-16229-934215 
SEATTLE ,WASHINGTON ,98109 ,KING ,"BMC SOFTWARE, INC. ",I-200-16223-477381 
SANTA CLARA ,CALIFORNIA ,95054 ,SANTA CLARA ,"BMC SOFTWARE, INC. ",I-200-16222-662933 
AUBURN HILLS ,MICHIGAN ,48326 ,OAKLAND ,FCA US LLC ,I-200-16316-203332 
AUBURN HILLS ,MICHIGAN ,48326 ,OAKLAND ,FCA US LLC ,I-200-16312-985096 
AUBURN HILLS ,MICHIGAN ,48326 ,OAKLAND ,FCA US LLC ,I-200-16308-504850 
AUBURN HILLS ,MICHIGAN ,48326 ,OAKLAND ,FCA US LLC ,I-200-16301-358331 
AUBURN HILLS ,MICHIGAN ,48326 ,OAKLAND ,FCA US LLC ,I-200-16301-126598 
AUBURN HILLS ,MICHIGAN ,48326 ,OAKLAND ,FCA US LLC ,I-200-16298-171372 
AUBURN HILLS ,MICHIGAN ,48326 ,OAKLAND ,FCA US LLC ,I-200-16298-593690 
AUBURN HILLS ,MICHIGAN ,48326 ,OAKLAND ,FCA US LLC ,I-200-16294-502981 
DALLAS ,TEXAS ,75243 ,DALLAS ,"EQUINOX IT SOLUTIONS, LLC ",I-200-16319-335979 
SANTA CLARA ,CALIFORNIA ,95054 ,SANTA CLARA ,"BMC SOFTWARE, INC. ",I-200-16180-038145 
AUBURN HILLS ,MICHIGAN ,48326 ,OAKLAND ,FCA US LLC ,I-200-16294-948724 
BRONX ,NEW YORK ,10458 ,BRONX ,FORDHAM UNIVERSITY ,I-200-16251-787456 
AUBURN HILLS ,MICHIGAN ,48326 ,OAKLAND ,FCA US LLC ,I-200-16267-924032 
NEW YORK ,NEW YORK ,10023 ,NEW YORK ,FORDHAM UNIVERSITY ,I-200-16300-659740 
AUBURN HILLS ,MICHIGAN ,48326 ,OAKLAND ,FCA US LLC ,I-200-16265-948769 
WARREN ,MICHIGAN ,48091 ,MACOMB ,FCA US LLC ,I-200-16314-388802 
CENTER LINE ,MICHIGAN ,48015 ,MACOMB ,FCA US LLC ,I-200-16258-390660 
AUBURN HILLS ,MICHIGAN ,48326 ,OAKLAND ,FCA US LLC ,I-200-16320-459402 
AUBURN HILLS ,MICHIGAN ,48326 ,OAKLAND ,FCA US LLC ,I-200-16253-688257 
AUBURN HILLS ,MICHIGAN ,48326 ,OAKLAND COUNTY ,FCA US LLC ,I-200-16256-334528 
AUBURN HILLS ,MICHIGAN ,48326 ,OAKLAND ,FCA US LLC ,I-200-16252-685894 
AUBURN HILLS ,MICHIGAN ,48326 ,OAKLAND ,FCA US LLC ,I-200-16239-933954 
AUBURN HILLS ,MICHIGAN ,48326 ,OAKLAND ,FCA US LLC ,I-200-16190-883119 
AUBURN HILLS ,MICHIGAN ,48326 ,OAKLAND ,FCA US LLC ,I-200-16183-949881 
AUBURN HILLS ,MICHIGAN ,48326 ,OAKLAND ,FCA US LLC ,I-200-16168-491857 
AUBURN HILLS ,MICHIGAN ,48326 ,OAKLAND ,FCA US LLC ,I-200-16153-561150 
AUBURN HILLS ,MICHIGAN ,48326 ,OAKLAND ,FCA US LLC ,I-200-16148-047790 
AUBURN HILLS ,MICHIGAN ,48326 ,OAKLAND ,FCA US LLC ,I-200-16145-493679 
AUBURN HILLS ,MICHIGAN ,48326 ,OAKLAND ,FCA US LLC ,I-200-16130-018009 
AUBURN HILLS ,MICHIGAN ,48326 ,OAKLAND ,FCA US LLC ,I-200-16124-193270 
AUBURN HILLS ,MICHIGAN ,48326 ,OAKLAND ,FCA US LLC ,I-200-16123-427904 
AUBURN HILLS ,MICHIGAN ,48326 ,OAKLAND ,FCA US LLC ,I-200-16113-745727 
AUBURN HILLS ,MICHIGAN ,48326 ,OAKLAND ,FCA US LLC ,I-200-16112-465814 
AUBURN HILLS ,MICHIGAN ,48326 ,OAKLAND ,FCA US LLC ,I-200-16112-319017 
AUBURN HILLS ,MICHIGAN ,48326 ,OAKLAND ,FCA US LLC ,I-200-16025-917225 
AUBURN HILLS ,MICHIGAN ,48326 ,OAKLAND ,FCA US LLC ,I-200-16098-894447 
AUBURN HILLS ,MICHIGAN ,48326 ,OAKLAND ,FCA US LLC ,I-200-16098-108440 
